Id,Class
JunATHDXOfYZFlRpahV1,1
gihQaFE1TSuWw3BCcAt8,1
hK7qMc3ZHmF5e4bLfCOj,1
APHtWI0Cm8T2yK9ZeBFM,1
fy0va8HcFThxnBX5UMbE,1
Auv3RhZlU6tXcdDQjg2i,1
JZxp9mEVqv81h4s2YkCD,1
i7pqWygtZDQLmHX9h3lx,1
GuX78SzhflmoDd6CTHyP,1
GFVUryQSjKEPM5pqs9h2,1
ju23GQl4DYFVeNwc85ka,1
arHTiWpEOMctLjx3Gnv2,1
GOPRE6b1ypHhFWoAVgKC,1
6JckVCSUd5azvlGjBtbu,1
0SIqXMkDBWKE8s9pQaOv,1
AFY7KdVJNL9ng4pjk1mx,1
69jsYQMcGwzrBLUPRb5e,1
dhFnCxfamsLvkubPZyjN,1
6slf2AGqxWCP53Z9NuhI,1
Iec1UF56lu9M0zmbhGky,1
9OufdwHvaNyjoQBbePC4,1
9U2dK1jG06Y8kNnPZWM5,1
B8JrNPWkKaxyn5ci1qYb,1
JySEQsbmRtqxuN2D5IYO,1
baFEBY4n92ZshpjgdGTc,1
5PIwjdM6ROvnbiN9Dx0a,1
JEULek2arB86vPXS0lDW,1
BRcPd4zStO9XVsnayUYw,1
8xZW7jgeCML04hIw3tOB,1
BhQ38lHiDYTZUVbyonKF,1
GLcwfP1Z08pVWrg7uoy5,1
hSzLbFyUMc7Z2NCAd4EV,1
7s4hmScB9p6HZfNFwVri,1
EgeBpshOLYbwyu0ZdrvX,1
2eqnSQrGfCXupwkDtIJ6,1
FO8AGC1wIeKXcaH2gnhJ,1
eRVLGHqrwDSMx1p8XKI9,1
imqELVF2Hf3ZG1tgBAov,1
7RVrih9gAL1FodIKNTc2,1
BRkJYSwtpVQZ1fj76h8U,1
9tmX2JACrdeGWHkY3fwi,1
3LOYzcPQdE7yresjlXVm,1
1ik3ncdBTYIJAgfmjpwz,1
0NyfGXt8nmlK72Q9Irhs,1
dxIuyOrCZ4qhMFz9S5sX,1
8jeHRBlOysCUn9FKaAuf,1
1DNWriJEg56S03yvjTBu,1
hsbekymnY8oqAfL3Pr0O,1
gsY6e1zD4FdKItQvWqul,1
CKrbqFAcTZ76hV0sz1jR,1
a9oIzfw03ED4lTBCt52Y,1
4n5LKPoBHSyfNz6iWJeQ,1
al2koZ501X8hjATSLqgf,1
eYgC0UuLPw6qThFzv3DB,1
1mStzMaQ8RUVBx7TkF4o,1
6w02fn5UqNDMd1tISWKc,1
AHzQrG8e6qDat3lpK4M2,1
bAPu2lGC9t5NF0EvZU7H,1
JW5KOAExTVe2qH3kM4SD,1
B7yT9jiIw8OkC3SMlRAF,1
GmEAFpP5ZO0suwaNIeqx,1
dLU5WbCiGERMHjS20spY,1
brsxDiLaBgj315Emol4K,1
4wvKaeRqlQSBEP9nLOMI,1
2RsBPMStVQNc7x3kgYde,1
ieywoN1csjbd48IgVlqM,1
1TKPznCeQg9cHYflavwb,1
jwzRSkGXbLEaZMsguQc3,1
JrFfspKABcSqx2zmTnCg,1
g6ZYW8n9iJToNFMS7QAy,1
1eJx34l8pcAFvMuOwrjB,1
1q92fF8uKHitWlaIkXzQ,1
8VlJEcmXepIy9RS3GMTq,1
bPdakDAsN2lrf7XFtxmM,1
4XEdp5nArx9TN3qZ62kf,1
2SnRYbpqifxILdT4Wg9m,1
HT1oyBYIg87K2kPuaqEZ,1
cHnxoFJRgXl4GSMD6bLU,1
fEnNJU3pLTbSOeFxaQ0z,1
fMeAgYJFGl8HSPm7uzEI,1
HjhNmc60tkrMRQZ7Po98,1
6SHqMnAlwd79OrYL50Ti,1
Aa9zCWtbpOo750IlMRdY,1
5iJsI0VCgF2D1Gukdayc,1
3PUsV4jflnCw8mGHZIgK,1
7l4AkQw3Gx8XRcJO1gaK,1
FpbBkjtGeV93UvlqCT5f,1
B0QeAmgHpSR3Gi4FDTZl,1
C9hHuINUVJqk1zo5pTQX,1
fuso63yW7wAXO20gJIBS,1
cqGxW3T4aujrSBlIEzX9,1
jUK5O9P6bJSAiMD0ofQy,1
C1OlcN2H8W0YATqZxipn,1
dHjMq0s9tDrBS6Fp7TuI,1
HyYjp7w1oiVRl2zaWcsS,1
7aEbXfVnzhG6dRMLT58q,1
78LEYtRhNmAP9Oogdv2Q,1
1OHzGWXBTlpyVsIPK3kj,1
9vS2ZE3gVx1XwkcRioz7,1
9KBhpLPe6o13q0QHMjk4,1
5nPbr70kNiOSQGZmL8IH,1
D5mrsLY0P2V1UIXujgES,1
EoVyBA2z0NjdkWlqfMQJ,1
G37jI5Fu8YEJVgWhiKCQ,1
iEQqVxmbcTeIASF5fBjK,1
GQPk9p1ZEICdOTcxlH5W,1
8cXfpniBZaYVAzg5xt19,1
8pfbAyu34zotUCZwsv2G,1
7IrpXlvH6LOStVaewBPg,1
0S7z4qxYTHPUDO8fgIyA,1
AVG9IvBRfaEbZn1DhSNp,1
IUXGYzWQ9pNLqDgukfSd,1
fipEGw4uPW2cTnos7vrM,1
bakvuMgD2Xfh7JOTKQwm,1
2ZPDI3tv7UdhkfRWu54L,1
BrjnTVGRdhciKsH9Ytxo,1
fRGWEv9TLIUOnhj0YV35,1
am8l5JjrXW2hyn3FS4iN,1
fvpU1xlo92RqnLyJkDAS,1
cGNfA8C9wh1R5grDKQjX,1
czJZ9CWIe8B5T1lNXhMf,1
3X2nY7iQaPBIWDrAZqJe,1
50f7jCS4w3hED2ueRosN,1
f1oeHaTRizBkKXEnLGcF,1
fTWrspAEHwnNFdCh57oV,1
bqdDVk28tEPlRyvALWuw,1
iBNlQ3bYzKr7R6DCXp2F,1
DfSa4jlAyFPkXQpTbUoY,1
6TUw1J5DR47dAgmjHLOs,1
7QtHrPMIOSsxAde6wnv0,1
F5nJCOIi49ZHxkAY2bBz,1
bQZP8pT9VRCnk0OM2Etu,1
iWScf1VBXaT78d5qDJFY,1
bpVDY17A6qN8IiHZyBmo,1
39gowdFUK2kGxcBnbALH,1
ePzxjFayC48I0Xb9kuS3,1
CdBnaqstfPMA9NXroOJh,1
iz2uT5qrtRNcM3IJjAhb,1
Gycu1WC5mE6BzMl2ArD7,1
ADIq5LFowdEuPMOGXVcl,1
JqMnmvEYlKVfw90W6btB,1
6pvAOQCLGgPa1EKniNW0,1
IPpdskJlaGev2MYSXnC0,1
4f91UESFtRDrnLdyZOCN,1
4bEmQThjKsiSPcFfzv1q,1
1AXVt0D9mSU26fL4iFGc,1
eCmdPkWwv7HGXZhtDFOT,1
76cGRgDJyFW08rY1tz59,1
EhHWtoiAX4kZp3s7wVUc,1
CQwNADZxFXBh9fUlOuao,1
EmVYF0ZrIBWCGL5168XH,1
2oyTpmYF4tSuBH9kXQc7,1
ASEw3L0HqWMePiy1uKxc,1
F1BvgrkuXq6zEfUsHAVG,1
cYIil3ZrukB1pV8Uzo2w,1
7a5RVl9htyOJcBUK4rQm,1
9Y2lyb1ocjBFCxJqQEZ3,1
cATwxq4GrYsZpWg3oOfk,1
KAGfZUyown7ieqDOgBYr,1
1tzCLRxMuGS0yKI3lj8c,1
6aTHENeI5PBYgzJndM7V,1
J9mdlXyFaQjNMtWk21uE,1
BqMf1a4lXre5iLzPZh7j,1
8rKwml3nGVhWAiUjDH19,1
a0IC5NMWt9HkBdfOZ8nK,1
k3Gv04b1HUEMmrPCJAct,1
0I4ZVvngsAatm8fzD3pk,1
axVyZFikJAs2RWgrB37u,1
Jt3kj7AHvPdRfL6yCh2n,1
dhS5TXjYM0yLufrw3xgo,1
gO0h7udtqs4yaXNQAUPM,1
HfX6SvZPi5ImYgh2RkBW,1
FVmO980BKzIHYiGUscDx,1
BFIzDn0r5aKum4ibGtHP,1
Alip9zLkjS5OtryE46Rb,1
3xhmsIkdn7FPL4G9a0Qg,1
B063Llt2F9Qpr5ORSbPJ,1
cSEgrupo7tj9hLIb54PX,1
FIc3eX7mViuBPKTAlCr0,1
CoRKPEY5OTu7B0NUgAvQ,1
DuejROmZzVTIyQi1rAF9,1
FzXcL7Rxhj3mT9tlCp4k,1
DmCaN6PGnJpsWuMcKo8t,1
gybTWSU3EjBGpCVI1JA4,1
fi4BrAl2QgjNsaubUJSE,1
8PuImCboM1zNrUSD7OhV,1
F1Gznj82acfQMmHNRLAE,1
atyecAsOdg0rzCXHNvxT,1
1hK3zVxBGXmtTP6JlHwb,1
g2pvrdbPVLKz408xBXef,1
ECYBut7y9fqKpw2g4xed,1
j2IBarGQysHh3Cfz6M8i,1
fGwEMeBFc0JUlpKHONsa,1
4wIxhDlpCbJVkZLfHKtP,1
1aAwe4J9VHrsq8uEoZhf,1
9hu54PH0G1qoxEmT7AMb,1
7rneDC6Ng10vEPuicRWV,1
gQmxCDohy6pJUcSXrFPW,1
ftHnLEAd5NPxpiybvqaY,1
2F5DOMVLNGfQKePHdwru,1
8LtljiSurqc9QVgkBPwM,1
aXjOfx0UdRzWcvLu2rhN,1
2iKeU7DIk9Rdyf4hc8vr,1
7IFRYGVPBrp5Lmb9xTlv,1
Gjhdytn6p73ql28OckQu,1
kaCP4Mghom8e1ujB6HY9,1
aTfDJBX2PNZRIjUG1SKz,1
5OsZTkXgflhr4VAFmxE7,1
I2U6ZBEdaDK3M8uGOwX9,1
9VwJWL5a42R0DtU1jrHk,1
fEdiGX7rSmvUhQ0MFne5,1
2uwHk0ITbfVelsUgRt7o,1
5NyhVH1xZIwS4CFu93Rl,1
K7va1ZC6DzFHqBVgWY2R,1
cMbvh0ZxLKN9i8OfH3nI,1
hEHyIjpekGRvX375Tt2s,1
9RM3upgzNwZhfEPjqecG,1
C0uidNjwV8lrPgzt1JSG,1
idM9jgSrFceTfECaYGLs,1
B3q1QtIhPSR2HUYXx5uG,1
ay03bVKipBNvIOgAJxFD,1
64ZtULx71bBcduDiY8GO,1
dogxTGpvCrYFKZcLOWR5,1
DQqSM2enGHopTfCbg9Oc,1
5764RnJYTirWq1utgdkN,1
0WdoYq78xDkFMcIwRpmJ,1
g5NnsVCLJdb1lzPBEUeT,1
gXHqfj9eSQTA74aE1x3G,1
8i6m0aVAwsdSY2FEfU59,1
8lGRJnmTIx3geu9fyFSs,1
GUryk27wO8MAsjvazqRI,1
DZpbRaEg4YIA69j7Wmot,1
5JtRNUe8giGB2j3C7mov,1
bzIioU6hX7AsZJDH1LMd,1
GRYhfsPiy72KcE8VaeqF,1
4sPNK2e8VEkXb5t1odf9,1
b7fZK24zqGU9F3heMOdt,1
i6SI0yPxJMhlLORK7Qe5,1
7MQb5VEYLiSBPt1GZgeJ,1
3JkuxSQe9OwRfKFLzWrg,1
hpRHqfonKgzAbd83XVUI,1
G0lOhNpMKqBQb9VrkTim,1
d0MWkj1mNzQKDGTvXi6F,1
D1izI3f6u7wPOYSoxRpH,1
hrMLJ7DFIfmUGPB2q8y1,1
dgoqesyYhaOL7VkN3Zrj,1
eJR1GZNjwOBTaf58dVmp,1
7A10IwRlFPe2x9KhagSV,1
H3M05P1RSdql2eiXa6Vg,1
6YJyE0SvstChMfNp1TbG,1
46OZzdsSKDCFV8h7XWxf,1
esXbGRDMpEzTQV5gIiaU,1
dHQEF0MqiScAT2xoItZY,1
ErJfdSCzHT0DFsN7Wcob,1
aFJ9ZLGyEWmx4Cu1HAXI,1
1LE6uK9BdgNXIcSTnrMJ,1
jLrNDsQ3yo2kHORVSuIX,1
DwEQhKioybXvg8lrjpRe,1
EhSAMWFg7Uk5oqBfNlcC,1
b5qZNQRzLp6MUlfHisoF,1
5TYzgLhQumXGqJe83bDn,1
GOVHJNpe2hzRrPc1LFZw,1
HPN2K5809L4JV6F1c3rt,1
4M9zLZjcgVbWiyINDEGp,1
EY4FNVtgO8Q75rCvcIl9,1
HibqzSEn2t9ZGTCykJKR,1
fy9TuAIjJGqmkz6HCWaK,1
7EP1JTkcfG6hdVUe2RHY,1
k8FHSmDTwC3eIrYsU46v,1
HOXtaor52udEKIemGQUD,1
CrNOE3bTHv7JXhBipFcM,1
8p7F2yktHj4Sxd5IPJDs,1
GV8REsbW0g7atlTBDXC3,1
dSkI7FWjpnhwJABYgT4s,1
HQYDIEBFLi8hM6RP5kWw,1
5YFaPQwRb9Z6tMnkyvcd,1
Fx7OEUwu1anTG8bQhqc0,1
8W23ErmftGwoBqIAhecY,1
5YnsX6MpV1tAx4o8ZIdU,1
k9xRmJIPX3h68arYZ5Hj,1
FmLkTo9MiyNfSdH5el2Q,1
9m4kiH0Fq8xuUycM72Bs,1
CTWaoOUEXJx1LvpD0dYs,1
B9A2JOzhTNjDWperRvgc,1
JatHiWwG3Amc6VTXuSqC,1
5PqXJeyYtTAQLMca6mCB,1
GTu3Dj92zvP6i5oVACHb,1
hNuROkBgEDG4UqSnZ8ir,1
GEaJRH0xlprO3C8ShcQK,1
4VKhCWNBkJxvnOreStys,1
gvtDf5RS9hjuPWTOlZdn,1
hpbVtc5U0IS8LuGz3d2C,1
JSoqeuhRdWMs3G76lQp8,1
gOYXcqIUEDltwVdNQzrm,1
FpRwW15YzghCByLxi897,1
4gmLdiWMqTFlR0UhBY7b,1
bNT4jk68t5lZghy3HPcr,1
8nc3AGwk7qMWrEJhdSxP,1
b6M7UCAPBipODxKLZSnv,1
1IGurl3q9bJQ7pmtMD8O,1
g4N1hd78brza3nYsHQfG,1
EIl9Q8FRt6skSYXTzCw3,1
eqMWwQAI2cUVlvi4a5Xh,1
j8FwWsmQaJ6ryRVPY37G,1
H42dBygaJWzSOtb9Ei3f,1
cluw4HMDRQ7dhYIojUg6,1
HgSsanq9f8WdJ1zEN7tp,1
fuwAE7WyhXbHInmlgxZa,1
dNyq0DTYLUsAjOki2gGZ,1
gCNUKzdsihtJYjLlAR6T,2
38IdJg2Se7po9rGZaNAw,2
iEhcPy0K56ASp98xlUoT,2
BjaLF1KHchGQlUrYO6fn,2
0OfazrXvcTqVYi3dEGU9,2
Kgqb7YSefWCdlpmnvw18,2
ig4IwJckBlRaT3FUN6rV,2
Ccw0Ub4P6y8ARuM2FihB,2
AWvH1TG5Nym0UCkLRuPo,2
c5Nb6zisUkdaqTwORnJt,2
coasz7XZW2H9Trxynwk5,2
eYMbKEvklTj9i6SC8D4G,2
1FsfvPlaKG3TpImqOejM,2
E1hdL4PQ5l3Gc82vyeAT,2
Blt293JkmD1cs4ap5IRM,2
dHpIeYK9gkS3DWE8ziBU,2
b1s2HyT8eifkmPABoWYp,2
6a3bdiu9jyrXPQHI8lpJ,2
aQO9Ltn3WzvS7dpZ2XIb,2
anbzmJ7dC1EM3B9QcPDv,2
cbLvyT5HKlrmDP60gE7W,2
jGXxl65NzmIQfF802LRC,2
a9r2zHUoK5gXj8E0lqsb,2
fmXTOnYxKoQUHVRDL742,2
CYf0IKGlMvP836UexBnO,2
DtFJrH7gBuWNsV0YCbvR,2
f6IgSeW72uCHcVYjOZUx,2
81IgT57cylMUNGbLkiqm,2
BuAk3XveYTb4FLRHtO8r,2
EhsWP6i5MAl8oSuDy0xe,2
H3TB1UG6mPKEJFVpols0,2
85Mk6byWNR1wCETYisFp,2
DY2cQNXStMAUvr8gkEqb,2
0i4FNJPQ8GuB3WU56LTS,2
DEkyP78dbRNJ9Bvm4jVi,2
1AhLOsNdHzDPfJrSXmQC,2
JON9PSMtuip32AIfdZhY,2
32kdRqV7gDCjrpW1L4xS,2
AocU28V01uDMpbavxJmQ,2
CuBjq74ozndLGMe9aJsm,2
E1Zeu2P3oilLtM8AvGah,2
5gl4sqLftFB2KVNvGrJZ,2
fzLv3FCPoyHwONVkBRp8,2
9aJ7zD1Neqh8TKLoYcOt,2
8nOj13Lz5askQDpbwxy2,2
6SQwZ8l0jKCkh2ErRqJP,2
5G6DcQgmuSxOaAEhb4UL,2
1P6o3IJetcjyL4pTaXqi,2
7qQDOvVX1PipRLyBdNhW,2
di5lC6uMRX8hJ3BQtIVf,2
eKbBCxVTnXJWySaDrLwG,2
9f0vLRPdeQOU6V8Dgs3k,2
FfoZNXGPOT5tvqRSxmYV,2
f7kJQINZiDTmY5Cyv8V6,2
9ilHZxJ10UtOGsFQfDLg,2
FoS2Z5sNPOI1vQGWaRMe,2
5y7unzV4XiqDwCShjNRf,2
cARj7FrG15WHEQikbmBU,2
h7Kbin4elq0PXJo2pvrR,2
C8XKihk4AVvsQF1zWMql,2
KOAJBhY1RckV8DqTPCsH,2
6dgTKemUkyWupoBhaOZV,2
DqS4bCWK9kuvpN1Xgo37,2
2pyCH3bsa08OgiokhEYJ,2
cXuqeLQGf6dyh4ZIUgFV,2
hu5p92KP4bYzdOkyIoNU,2
IWryLwtbuK13OsG04Tzl,2
2POsRoLQDjVz89qgSpnY,2
Fo3l7eAEM4XDmKyIV9tj,2
jq9tQfVT21HeNdhCGIxa,2
9gBVZNKoIPkFM8vOp45G,2
8Bywd5tJUzgqbGmvcIS4,2
h2dmlEMoAOI3fPxZ0Bsc,2
aWNd6erAP9oliDybv08Y,2
fSWvxIsOaV0YjkB185ut,2
IO1sycKv7rV4YQfESMJC,2
jO3ktp4CTZ8Voy2cHJUB,2
BM2GyKLQuC3bWXE81UcP,2
jcZCrbDqHQusThgnOeV5,2
2kjJp4LQZsyxwquaB7WA,2
hwPFV83iJa9Ek5HQSCzd,2
G0r4zLJ6yBPK1T2s9bNt,2
hyOk7czQB9E56wtHZ3XP,2
DYh2UtEr7A0JsjmFQZvB,2
0IAlcuEiP9G6epb71Oom,2
5LUGMOTbfNt8rQenmlBx,2
6n5xSkDHdUL9BpNwjzfa,2
6OiPhkAuq2Zo1MxfDBNT,2
HSyZm4zIbXMT5R37F1wK,2
EqdNe3DySZfhFlrkcMTu,2
j4LbkH0Dx8eXOJnPBtZT,2
dLbutyFNmW7nfhUiE4cr,2
7SAUNtQf8RMmL904jxID,2
Ek7vsbD2Zd4IfM8xA0lw,2
DyOK7Wh5IpPq4bZ62oGH,2
InqZsf5iQozvl3aJbKWA,2
as2lYthG7eCEyPbgwv6A,2
9SChX48ZTGE0e1kY2IjN,2
5Pi7jUz9V4AaCpbg3RtH,2
31q6gcPKtCp8EQGj7yTL,2
5elYuDEtgZd3TLHB1jVo,2
2uRxGAsyiWeOE7apNgvh,2
glq6WfYSiamR1KbeMIyp,2
DMPvl1eFd8B4OsNICKZa,2
dB90CQlLWSpv1myr45G8,2
8NYXztOroeRpIaS5BdM4,2
7OjDaWcAZhmgsMo0qS1K,2
D95QEl8vuaTqdIAszekS,2
btfJ456hq8T3vU9DZjsg,2
84jKcbktfshl69TiErUG,2
jgO3mkayeMX8CuLbxFpV,2
7e0vxYy6b24g9O3UKLqC,2
ERjWvo0hJSgF4pUb9drB,2
bpIA0CvVdmQcEB2oisqj,2
Bgqr8AmHC7WFak9cX0fL,2
40ofYnDCl8TKJXwyGmrP,2
H1B87Apkso2gM0Fjd4TZ,2
dVDRPJcvx0lhzqHUtFKr,2
C8oNuSMO0skpL1BUP7lQ,2
gueIrd2O70fRUMEGczkx,2
JK7liDHzL1AIfrPCcFTZ,2
jcz5dACK0gLXsQkJNRp2,2
DQ5fK17GCZbnJs6oNWva,2
9yRz8iAj15I2ueLm4PtW,2
FrQHSDf7tNREowYmchbg,2
5MjiBxhL0nSvV9CUedQI,2
c4j1D5gS2UPRMh8GWBzm,2
BTrgf8W6zVmKAhqxCNwy,2
aLiKUXzYE2vSR3kle74Q,2
gUxQwao1YWZItkAJiTpz,2
FKsefBCogNRGAjYLpOm2,2
A8REQ3NzB0dtHFCWDhoc,2
FhpBuDLoktwm9v3grXd4,2
1BDCxE2AMQN9yH6sWdIo,2
2ctFLBsIi5wEPAuXKxZv,2
KSWPydxjJAYn08HOcM5a,2
7SvjWXrltZdLTFhIGPNw,2
gS4LVT7r6R9NefQvYD20,2
F5l9ti8Mo6qsNAUvHJ1Y,2
cAONsUkT1g9aEwBKXvxo,2
gjOIy9sRbtFGoWASY16c,2
JY1d3lDuBMqznVF0NISt,2
gbl9KAStEi2LpcvDfWMn,2
eRyBqYHX63klfnPUMc8v,2
IMx1nqKaWEz6UdVsuewA,2
dylV8BXRwaktCjHW1o0n,2
2gMFLJAaNEkx7oWRwl54,2
bLoq08BDK2sxRG9zAPVM,2
d0QN7fJslMFL6qkKgbWS,2
iypLG5f97Y2ZTKcBuUxW,2
FdBUjIT8P2iN0ODw3Jxt,2
g5O9ufJCeLd4nQVF0RiM,2
AM9IXU1wJ5PHfNqoVyxa,2
2aDRThoversxwf5BSlJj,2
KFNC4Dl2LmXM0u8iAdYT,2
47GqvWtCkjShUVpE1oI0,2
DAUzEY0LjqsFep1t4RQd,2
4EtCMF7yKHU9ucr0g6io,2
AVk38vrXCcypjsloSFfb,2
7L1vUywoYlApTXdPFzRZ,2
94gomdyfxJAh6lepszW2,2
dAN7DBVpI8Yh4snj0zoO,2
dro7GYJlVhXbT4D1SpCE,2
JBhPuigxYtENMs4yToa1,2
C3rzsiflkeKIoJ49XLA7,2
F8bN6Gx0wTRZWsHI3XLO,2
iF5AvoV9uKdhEeS7msYt,2
73VYXPJgsRlKIMiOLwG4,2
64vsfK12yBanCNdexz35,2
jKdpYN8VETvaHs2RqmQS,2
5nAOq0ri23gH76PDmYch,2
kcRZAg3mPeJXW94y57dB,2
HX5UK3f2skd0m9ZSr4DE,2
2ZNUOyAMv67lcYPoetkR,2
26GkX7dIghv0w38A9ZzF,2
c6Da2l807vGgAbYnUjPm,2
42QpkKbG3zhcJrR8jw0t,2
jrAH5I14hpeni2TbcPOR,2
g3dlXOYBtjPK816xEhHD,2
5zYVF03NXadb7Gv64PqC,2
d9YpONFc3QH47mKfEhwn,2
egZPafzVDuMYW0oGTRkr,2
Hq5ADm7t2YMF9digjKCs,2
65cijV9z78ZBfqC3Kgbw,2
gBSqh0U39mH4z2IZ1WFR,2
dcDQlArOkiyTbxIvVuan,2
FalYuVzr8LgtiKRZ9oEy,2
HI5KXVitQYxech7A2ZqU,2
jnKkElPsxcIaUFhQb8Jd,2
kLPUQYKrA1jGsJdtS0bf,2
BjL7pyHh31cqui4UA8Ge,2
E4wCHstIQWNDe81Z9Okp,2
HJayuX4Fh0GRBoALP6jx,2
2wCPm7giSGuRejqFU0BN,2
hLfixdwFNU9sm4pkWbvZ,2
3jmcq4dRMkXIaL70EWCT,2
EjtPq9DIQ5gmCZV6XnUK,2
dbLieaCTZ5rU8mV1uBQx,2
c6ZsLyHfl2kpbSd8vTCB,2
JnCS8Oh4fUmciFgN5IZ3,2
hlFo3fprkSOzDI7tc8Xq,2
KMAcej7qgX5u9RbTUZ0x,2
IlXfyiMdJ3wSO4LNbKCA,2
hbT9ltVRQjau5nNFYpHM,2
HuqZxWcz07mowEChtbrn,2
aiuJTcU5Swlg1LzpFjdV,2
KItq3WlgRT4s1SFYwy5Z,2
8qaEOKmPjZctM6lYu1AQ,2
HCs2eUx4OQTG5nRY3vMf,2
k4fumEIZvtlKUbJ32c0H,2
AVDWo2feMJdbXISwBHm6,2
3RrCi87ovZ1Qw6WuygGB,2
8e5s4unL0TmKYSaycHCd,2
1cEKCiXn0hLVeSk2dDyW,2
4NaJQcDbWvdOhM1HViqu,2
DnSUoWCAcyx2bsizNwK8,2
FoJl7k9pgNGIKrVYUhX6,2
27fiQdcEXxeyWoV9qu8r,2
34JhfVHMQArU8iNpvKC2,2
7qlMUcpafAL3QFiPWEzJ,2
iWQ5qhfbkKrdJtoTg4Z0,2
bZ0B3duPkeQpjFxqXCET,2
6DmCqAs0tFKxGe5aPzlU,2
7pbVgdSnjUPTrwcR5GXu,2
9XZWSgoYzHci4Q2INbdr,2
2woOYK65vEk9LXrjDxmS,2
hcxzjg80lCIdiRyQ4en6,2
2DbfJX4WgzP0R8BwrHyS,2
KOEmRNBY5PHlwqn0X2rg,2
etqJIma4h7SNuQ3b2UKw,2
9rMC4jyes0RoxgZwIGkA,2
jcx2FgPBbYqshUNvkID8,2
2r058PRy9dg4IL3xEn6k,2
GEprqj7xuTa8m629zQP3,2
5RdoJbLBOZEpIVrNtvHu,2
GLXFv4PfqV6dD9eaIO3h,2
G19qOjYAKMamw0rLgHUv,2
jzvoOgMqke9NpTJl2Hh0,2
k89IEjZqBQTxAYLGWCwi,2
E2s7M3RTzBgq9oDNjd5t,2
iVAMDtFgjQHusEGmWJCT,2
jUeRolnr49Mm7DF0JIZX,2
1sBx73EF2kMvHGZtNfSK,2
aSbnYdE1tq0ivTpCKzFs,2
jXNUtyPECsADQaZLbiWu,2
Ggabo8prE7kDOqMtKAWX,2
8ZV9IwvAeCONWD5TUJ7Y,2
dyB94fu1Kgkt8POEGH2m,2
BzKqFlkYAXim27yUuQ43,2
CrscPL6baYHtUAW2FIR5,2
DIlX3am9iQSYznuWZjMx,2
7RwQrPuUbtMo2HzkvXps,2
IoVJizlUE0njDXABWO17,2
akGLtUpCrwA6VZT7Y4BN,2
Is7XAaJBcrSQNj2dmKlG,2
7AgYK5PdXn0SMZoD39Q6,2
8O7mDBd4HqE3PxFtWnug,2
FjzLT1pN9kgZuJP5se2o,2
DxzqgHIJi7okCsMdwEPG,2
2ZoTE3iUtwFfuNAYlyOk,2
3QbB7ApWc0qrLmPDd6zR,2
hBTCW1VyKHjzUkncqpeo,2
egHnxmYdqACWaPsOBzRc,2
bfW5kuzpZcGC0SmdjLi4,2
7zr2DsIWVvgJmx3ik4L8,2
0gHs6DEouiCPAcmWFrTX,2
5dNsph6uJltkZMLzTP0w,2
cdk9u0beg4S6Tnf5yhR2,2
DJH5ptZyxizQUc0d3q4a,2
6nw2iAevTqXH1fsatcp7,2
cnf03bdvewDVXMWHFT75,2
IgXph4qjyDf5t6S0WUwm,2
4QZHhpPAOd8CB6e3gtxR,2
5CQsuk3ygnTmHKEBDbzZ,2
9Rv6M5yrfNHhIatUkBql,2
Cupb3XdgzL8ePYcWiF61,2
F0sNpT8XAKJg4BvwxZPS,2
9LYUcoVkAbrmnGNIsfeu,2
AvSqZN4QKiLxhE2XCObo,2
brNWoe6SZBdJPw83YAuj,2
2pBx4KMDEatfyGFwoqTO,2
IlCigar0eZ13Xtyf8MVn,2
jC9SO83DwoU4ZBRnpNHA,2
gdpCryb5PsOv4TzWcLHQ,2
elrTVLuNkdYoPWhxUAIS,2
FJzEvqG08gbxuQaU7TBp,2
HSdJKWmPaicR3VlnTq9y,2
hBGw5O3lt17ZMKRj4Xrx,2
fduMbSetTV83BRx6KJQl,2
dZJi4Ayf1xpbrXz9s6Nh,2
2lUahz5WrDpB6ejTcYtL,2
2u9mZjidrEhnAN76Jb8K,2
8S9KmFuU2iXolxvsdnq0,2
f20PUJcTG4DOFRyh7Zlb,2
5nVHoz9ce2AmrSFbRIJg,2
BrFQSqw8ejGomMlh6YtE,2
EL48d6uXjZxrHF5bsB1A,2
IkRyF3nC95E8dbBwjO60,2
ivJ1wBXIQLEyThgtZNoM,2
kivFX8Jh129u4mbgysLe,2
AmtQlj9uTKxJdONGWca4,2
0uZcAvaHLitbWmC1QMXf,2
fL1Dy8PFZHJwIU7vT3l2,2
9O8j0WghzESJi6e3yU4q,2
9s8NSuY5cHirbLmaWtVe,2
7pzosfRuZN1HiF5Xdh3M,2
2UCjXPzG97TAEsVghnlu,2
cB6oyxT05IEOijZQ1du4,2
fdSHkFm8b2XBevTGCYM4,2
EPKSpg8Nue3tGUL6mRxd,2
gjwqQk8r5ztTZcMfC3VU,2
DdU5tN6phR4JmaPviKV7,2
bzwhHTXFGuAnCms7r2J0,2
6PiB1NFWunrUjdf8e9kp,2
hlz7aimR9U8PWVqSvKgF,2
8IbD9QgPs01NR7STfAxH,2
kaC12G6AcH0KgrRY74O5,2
C6tAxBY5P38WivqHs1uG,2
3HljRUIAsgc25iJNBeqo,2
K2OouiFyb1xSIVLRNfqE,2
H3teMfnQ1LGR5Sjr4p7W,2
4qrvCbJD0SmV6ekRhjP7,2
Io0jnbMUGPDFeW1ciAds,2
BAq9kHTFUjwlChORvzXa,2
C7mXMKDZBFjnNwxYH1et,2
5YEafCpxyFcNqDGl18TS,2
50Jfanb6tRU9QgoPZdpr,2
icj1JwTvFPKeUAkE3SGN,2
9HAkGKpDrq6hecQZysNd,2
AtwHzolfjd5PGZrOFXY1,2
JFGA1Ypxt56ElPa3WUOQ,2
dLaQic9uU0G2SeRXDAHw,2
eKRtEmTYVj5ZSNWMdcig,2
HUM4WZdYbi795Socq2jX,2
e5wb09ugRASHGFl3Zj7y,2
D1jnAYav7uQ6GZ9cU5zP,2
Gh2iqW4HNonOcgSJm3kx,2
aRQCxG6dwKMrNZBgbzsY,2
1Vd3xZnQl87fbhPoSYJ6,2
csEMJY7Rt0IGCTKF2j5m,2
FShG9xVbwLlsDTYBdJMj,2
gLEW2nYOmSC9AjBvbuas,2
hmgHSWv8RYUidfGkn6V3,2
5rtfSP91u3LJsbzMVWnw,2
htBGqRjHkVFYir3JELlP,2
diM03xh9Zv2Rm4nNVIjc,2
Idry1KoQ2uFm0aLeABDG,2
73LO4S6We2aGQvM0qCXo,2
21S5IzZvPWd0MQr9yoq4,2
5C0Ke7rXRtb9smU3Qkho,2
69aKs7pQZjI2tWN80bHy,2
DV69NvbUIQmKjPSEuFY5,2
HJSPltnLF4DN3x18ZUjy,2
9YfuCbFBxaQOMGpVlEKZ,2
7w9HgKIJmjx0cYnea243,2
6gObYqkiQC8R5ptdr9UN,2
hmxWlvCrP5zufkQb8Ljn,2
0KLUAMqmPJhOwaYrbSCE,2
0TBj7glMRJScN9GmOzyi,2
5StqsK6dcek7TrWPa4EO,2
DZebn8mxWJYjA14adQgF,2
65PjxA3a1NeH8iCBKpfS,2
0JOb8TyN6VBGCrjAkzfP,2
fr197DA5lehQgZULyW2z,2
86QrjZewznD2W3VhpRbm,2
gA2keFy5GKsjdpBriL7M,2
EihqA5TIw9bVjH1oPFdx,2
1LZcKGIkna9HU7vXl3YN,2
gnhERVbMYOP134io5eAy,2
ImCo1Zy8OsF6VXY59Bk7,2
BSafFJTth4U3uibE6sZO,2
KHDvrjpl16ZTsbyOYS9P,2
0G2RV1chBlIbkt6JqA5Q,2
6lYnP71M2umQ3V4jJdLk,2
cxJTRtq09SOw2YZE5HjC,2
KawMHneL7VYj8oQ4m1cZ,2
jExBgXmKlhA4URac86kQ,2
hECVdzWU83LJkc46iGMR,2
hFVEPajwWYZU61Sb4Dyx,2
5QkW049HFsDAiwCgKM2c,2
cd2W8FxsrJDnOHZGEiet,2
4PLRF3BAbEtZTXnaGqfD,2
eUfHduyMrs3pJKW0imDo,2
jzDxbTYIZ5MK60nmPAFh,2
k7SHfv8lYEZIuc3tw4CT,2
gLN4Guf8p6xbAvUZE1PH,2
6Cvyc7zMbZq5DfJprmXP,2
9akYgqNApZW32UB1VIrL,2
kSNnYl3ZLvB2WI7V4iEt,2
85rKfZbF1SIhMdjmux2N,2
ivXUldNe7j0Qt4TByrCm,2
7VE6hScuodxAvTp0Nrnk,2
2wxRyP0giXLMC4daDunr,2
8F32X71gy4wZrtvmNA6d,2
0V6UmdMg7wQGXslAzORJ,2
E6PX3bYws7GnvQ02JHBS,2
j1wqtQ9vlpxD5LMr34aG,2
0W1RChtwZvj4Qy78GYUJ,2
chkETq1lKwMJ0SWr6z7m,2
4mAYcV9nGEikubgUXteL,2
jr9iGANIl3H6170uFQtd,2
f4SBYHe3GaDiykbJtLdX,2
h0DRFktYmqyi8p3s2Aa6,2
FjdkOVL0pvfCyJKhiEat,2
6hFQvE8Ae5NfGVkHnC7t,2
0XEmjdgVyY6hWfKulvCi,2
HoOEWQVSZyThrFj1tf2b,2
bwcMeNJ6duOxi2q0GQ4n,2
1xX6oSqvPDVs0AdlI3iB,2
8VqGnuDHlr1jRNZ9da5C,2
HyBCp9w2VPAqbrhGZ6kj,2
1pbue49Pjf0hxXSNlnmH,2
64vCcLMZutGVNYeWmsHy,2
dhFCORaPLVBf9NUw75Hn,2
FPZgCGuvUcwRXQ3YNH9b,2
aenC1XKNxyYq7S9B5ghJ,2
cpKvxkRJLj9FUNtCahBl,2
0LQSi5wnRZ3muIs6Mx9E,2
GylnjTzLMh9SO3FgivEc,2
H2PfBYSt6hT8wIndaGVz,2
ikNw2nIvYAHPaod4Dqsp,2
3LNmCgSGtiMFrKJl2H5d,2
gzDsnHGVF4Jut7adwevq,2
H3RfLw5i0P1NC7ohkZ4B,2
GFXkasEv1gfuNPlR0jQM,2
Demi6hbq8HKwS5PJkjL9,2
fUu6izTSZs8Px5YyhHpc,2
DYifKtF806I7JjkLHZgP,2
H8S3MwPF1hnIfqBWZzmc,2
3MY2qTOsQzVHgrNoa1Ib,2
fuNoryhBcxOlv3jaq2Ae,2
Jy2Nw4xD3bPilQfRsW5m,2
bjw2G3pHJZt1nN6c8akW,2
5Xc0iAYjsG7ugxrZNIoS,2
6Nvl48hYgxsc0U5Aw3yF,2
J6RsFGzY9gtBZduifPlD,2
DGM9EySROr8hLPcelzgi,2
5BcfbNg9wXoy0l6vSaDm,2
AJ2hWQ4bKcS5PF93wEOm,2
h2bGqACH5pKZtoOzMVRJ,2
KABv4k0f1jRtPSa2ZUdF,2
jldp5PK6gw1O9t0o7svm,2
f7zKkaAuDH63oedxGTEV,2
If7D6pQO5xPYckjg41LB,2
4JEYXLGnodxWIcv6qZ9w,2
BVSHRsC20rP3z6ZLmfnK,2
fXrRBS7TvQYH2nU5wkjg,2
EatOQHsRMXTLP8jYxu04,2
e9Jm5ZnFL3IS6ANtf1q4,2
3sw1FG5VqW06nEURlyej,2
Db6hOB1PFyELXmr95JGI,2
FLumNoC2IxqDP1HSj3zh,2
7JjQBd2CAyvtgYlSL0e3,2
baoYfR8qZlcnAQ3dH6t5,2
9p7VxgvYBPL4r6kbzasj,2
e2NUHL3pAyVg7IoPhYzv,2
2Rn8XiSKtxyT6CvljuQO,2
g5C0uJOdZH1mRF8znra7,2
HdkjoqVQLg08cRDvpuGb,2
hQ3JVMpHcxDdrXqe1Ult,2
d8NE6mrFWU9t2nb40f3G,2
6mUHQtCBjzWA0fGIEnP7,2
e0okgCIVZru7T1Av5qz6,2
BY2yoiJLjKAPsgCvDXQW,2
10H9detwuiZByNSRMmxf,2
BpGmVxjZkAci5Uqbrw6K,2
i0OLrWBtKpRQPv4J9fhN,2
AEBgp7zcRQZtd1mJbrFw,2
gRNpMreFHS8QmAql5OiL,2
COntTlwPvaG3p4hMSJqI,2
5Xqlm9iyQrt7CeafjhkS,2
1el4qZPVwIXavrChcyGp,2
He4qRW17SQlfN9BcAExX,2
4NcsdhFPKLYWxq7R5AJU,2
DFswkTNWm6lStz1h0Mup,2
AKruDyEtjObe4R8TvHBQ,2
6Gs1IXu9aH3eWOAqBPVh,2
iQZCbSt5Pg7Ajqk0LYvl,2
3Lrcb9Md4Isugz5alUK7,2
AP1FktpMolXv5yEwsKSJ,2
JFW8DGfRUPbNo3YHz2xq,2
5FPfjxgv1adyEpBKGRqN,2
60Dq2jMpxvi7GFV9EmOB,2
8Z4xPFN1p53thUcRmJSH,2
be2nNEi3PtM5ZoLSusWv,2
5aKDs6zNCymfEixZvg2b,2
gLlmqtyshpVY7D0H5TkR,2
ITQEnh4F7kb1uOs5CYMx,2
9sPtSV8rx5WNUukQ4qln,2
i0XRVkoPMwK95hfgWAmJ,2
KBvLr7Tk8OuoySgdA6eY,2
9i7HAYD15sblakCpmF4V,2
2PyleKgax4UEbIQq1MLD,2
GWbiQstavLpfhYqDE8O0,2
k7KxT0m9oZdeYUfWhsAy,2
KH8I6ft57iXUTmOnvZVP,2
gX5Wqr9ojRFtSmYvHiPQ,3
6FPdv92ayjKlUWbLmXS3,3
f2104Ztv6hQPDnaYz9B7,3
1rCGTyze8Mqbtx49fQOu,3
cgZEp2RhI0eKqPXuYnxw,3
5AycfmLjIp7NnvgS1JYW,3
Hbpnmseqw4hRxokOElPU,3
djhc2OzMUxYIeFaTA3HB,3
3BvUgVpnqcCrxJ4tWioG,3
cKNi1Aqz6XBmtwRheu9T,3
4uqSak7A93EwTlDBHi2x,3
4BdQMg5PDlWq69ZXwReb,3
HaUeYinvf3MuGdmjSBI0,3
GjlPswDEXogCA8dmZOuL,3
jl43RFd29W1mwxtQ0bI8,3
CoQn9bfkvMUjWwVgPAFL,3
CyK1D8bjpc43Px9Sfl6I,3
dwIXmJU36HYyvpC8hj2n,3
7slN1qRFSycIgd9Qwejx,3
D5rOGmu3ePpWqYX7bn6j,3
Ivwjph2yxl1gQAJGiDUO,3
h5uGZKiToFpXSrkcARlB,3
bEP5u6wB2Yt8f43Xgrcy,3
Dq9nwWYMFS0xf1PGuaZe,3
2kS0UbYlHrFLP1EGwM3C,3
7rcIYafVLBJQ1Hwy2gDO,3
bB5UPj8uAXvDNGHcoehV,3
2Y8yNd7pfDX4l3qacwEk,3
e9Kji7QuZFdN1LmcOY03,3
EUsYBObJ58dXKutacDx7,3
ElkwpxW31RdCmvbI0Yar,3
FVnieLKxNCw0pI5JEoqy,3
3elSqr7UTEtFm04ZybvI,3
JmO7iq6nVLPrjH4z2UC9,3
CVmnTbuGZEev5hN3OdiS,3
cAxogRZB2v9lEmzr10Oa,3
AYVovj5Hey21XzC8U0tJ,3
iOJebqWZLA7lXSktgc2N,3
Ix2UVrZuDXJE8LRyCjmK,3
ag9pwZE1YjcTzekP8nsb,3
FBrgMHOAi6txEZLU5ezT,3
ijgoCyseRQAaErfUHZMY,3
k152In6fHJEeQrmV0TUS,3
19UExqPS8Go3MTNci4Hh,3
gNOGKEjzJi5phY0eyx8m,3
53HdP6AB7nv4SuhI9Yci,3
Bp7tlyMD5zQI2U0gN49E,3
e6WgP1KQ427tHGEzsqlT,3
3yB5s1ZCvPmpgernQFKw,3
1vuJenm9cg2EtkNBwOUo,3
a9qc1ZCzupOiSsjHdx8e,3
gCBJQKMq14Atfe3ZSRX9,3
Hps7JhzwjlOAkMXKP92n,3
FUR0EhC7xO1QW8f6DorS,3
HEsbjuQ2Zoln3XL5WGvN,3
iygdLJ12UmnPhGqtsSCo,3
bQoNdlu0zvWihMaDkZ64,3
bkY5l3uOgwSZqzvnaU7t,3
dSCkVfo0tMFAzyTXKJWg,3
1xiLno6Ef3PVlCT0kUde,3
jGtigsJRXU0zaMbcmpHl,3
iLdhAeC5DWmbVIBlTkvO,3
B0wlyELesxRFXGKSpJrz,3
4InZfrkMYP8UQOaevoK0,3
aLG7QrUD6WOmdNY5tC3y,3
HfLoa5txyimVwPgs4NvF,3
4BCsNIgfYTQtMbmK2Z7l,3
6EHP7m4Xj5xUeTzpqZFO,3
8kAryzC63uPHUMdvt4aJ,3
CTKbnhZkRy7AGstxePSd,3
9HJsvSmGZRWbUygFt2eP,3
5fEXZxI1vBO8nbFdS2Mi,3
bWHnGtLmyoK0de1vJB3S,3
0K6yBUcTw3qjtNo4ZQpY,3
bSRakDIeOuFoq7NHQP3j,3
fzgZyTMiq8lmuKkhdS27,3
JVxhvaMDsj4PYBelFwOu,3
1rpACyIiMJjE8mxc3NK4,3
4PHfjxZBM02k7IlDCLcN,3
GtdNJxahTnBueoLik7bY,3
K2Qg0zhpUmc6xiYnlXZH,3
cZ8wCtJL6unqdGBDsmXx,3
dS6twLfzX3iyNv8EBnam,3
dWF5Zcz6wUv2gxOrMtK8,3
4KAdMvSOYoB90Hp1Wnac,3
Bkc9awJI1G4DZTodR2zx,3
GLzSZuahXjcxv4fQPosm,3
iV6KNhbmAX73uZfq1OEW,3
gX5HMyEWdP19Bb0ZwOV8,3
FcxXkuV0dCRBhEJyj3Wq,3
gsqykQJmjZ9FdXMeYoNa,3
iZPHLa7FsKXpwDTYkxCo,3
eYRdWAKn3EUlCav6V4fm,3
CW6cHidJb35VTMQ0jms7,3
0pER9ak46CKVjPoqGLcD,3
82kLgCGIRNXduWs1SrKh,3
C74vBKyH2rRlj5hJWePN,3
7YrZK0PHmtnEOMfbCdNG,3
AqKpGPEdBXWCia6DNMrm,3
iPIBLrzewX8YydsAOtnu,3
awJH283VpYm7yBDxbOAI,3
581bD2ouMmKpySGQszri,3
5JV2OfKeRg8t6EyClWN9,3
hwcgv8ERTXnJxdFBN1s4,3
IQJlrKuUAyj4seftWL2b,3
4YBunKLTsWU38x2vQgwy,3
dNw1IRg58zQl0oFVJS2q,3
1yx5iQYgClzaUEIPdLJF,3
C1IklXQF4DJiB8stvR39,3
HdPOW0iUNmv5bu19nYey,3
3a0lJWnNRb8QIxVHALGd,3
hq3MXxLtUF6aiJpc7bsD,3
AejI1okyfNmhxn0vqgCT,3
B5FX8dcYJfxy4WUVbptn,3
EC2yvmbNV8rSzRu4qZA1,3
5fvJTDKPcRtNok0OZ6WH,3
IyVCjS86zs9HbJ3lE7F5,3
COz7qtjgHKe4wiEPo85F,3
7c13Hk2SFD8NJeBYTUZs,3
E0qNPVLshkYDOgyto91H,3
IcVuwSpZQzmUql3OxAva,3
hs3jvI9Jx7iTzKPYEXcl,3
D0CpBFrm82d6aqcvnTLz,3
e5vf7qHj2m0G1JtrpsnQ,3
hRUbGTC1N0dezkMaiIXL,3
4ngIoxi0KRZqMTjepWh2,3
FyMvxjWw50Zbmqk2uiJf,3
E4SvkGO5CuB8LehadFo6,3
AS0PvEt6Vul5aKUif93c,3
h3wJc9sbFx8AMane7uqY,3
3lpU6MODFqdfE7eiH9sn,3
4vA97aYWZbpPSlTuircQ,3
duiRH6TLGrhgXSBmfvEt,3
gROmPjLGQ34WNVr8ZtiX,3
hmnKR1fgGFeidy5OHP9C,3
eI053W17vGE249iOYyHK,3
1u3qTGiRvckQZW7dBY58,3
6Soz1jDVE0mYvOwbty7Q,3
j93NIlLwHqnWDQeGA5Eh,3
0gSm7QZu5x6MBvVzUncH,3
beYsSmB2uZoA19Ek5Mrf,3
eoMlxiaXtB1gGJ9D2qSV,3
dI2jS5i1QnP4blckxE60,3
CnBE8f9tH12lyUeQVR74,3
4Fdkzt7s2OZVYeLIplvh,3
EG6lVZK8b579JPA2apNw,3
dV3jJqMW64Z27mEHNXGU,3
aEOAxIp0dLm5QSDCy4vX,3
eZR8qPzWGxc3STrUFkIn,3
5fcdwygv9TKrl3GW0zMA,3
dyTqfGCNl7Hv21oZLMK5,3
4XvpUxtrIGC8Y2LPAmhS,3
JLiNd1ksMDOB4P9cWY2b,3
d6bu9Ei0UP2lAnk3egIF,3
cvkDfhKMtO1VjzG4Wiop,3
6v7e1UtEQSGMgmw2Ay5F,3
9FfKH0kuryGZqiTmglh7,3
d8UcQkjpeMOEnN4YSCLR,3
1EisIfzGOTX8hKaFH6uy,3
ADHSRzr6YevfqojpWCBZ,3
GeTocyt4jDP3OpSI2u5W,3
9I6UftSTGjwB8pxQY0MX,3
IGWl2w5OhUjD4oxuA1H8,3
IEwuJXUxOQSMLFyH7k2t,3
I9kTFMd54bYQOAngUfqW,3
GoAF7XTjK2HmwJzDhdkQ,3
Gld6X9LuQw58tmRvo1qc,3
infCxsk45eNY6QbKt23u,3
8MFRorIPmY0iKq5Wz4xB,3
gBPu5wieVs9jhbcmrIMl,3
epLtlBgqxYo6VuTAwf2n,3
BwYh9iTOtILyCW8SvJZf,3
1QwaNAKMEpI9kb0oYzuJ,3
cB8s02ilF5KDxH4XITvb,3
bElZS1P7UCz95FInYrsy,3
EAPboVp78v6st05Om3BL,3
0IYZltU7uMpaco85PfKr,3
C5zRPoaif3nALEsq6vJk,3
aoBnFI3NmKzYylct2xr6,3
6zGBMr2YkjqfXFtUb1Z4,3
edIj32q07iClgnxvmbDA,3
iCjLYXNmqyRhtbeWfFG5,3
2iXg1l78rZEW5YVRJyv6,3
e14oxuL6Cb8HO7d3zSqn,3
2HNmJG5tcI7aXQsnuvpk,3
j9ViIqQ4RXTm7hSFwblW,3
2Z0Jfu1Pd8Mq7xXNSDct,3
8WHGOMuhtDdw69FACxEJ,3
89v2baCuULMreOmyNKlW,3
3WPEFKHwX1DLBI4bzAM7,3
IJ7PHaulCRySGjKf0DEt,3
B2Vfj0zqxgmZb7E8QpGK,3
bsQcpVBgjyPva7I0kzwx,3
5UCs70VqrjQ8wIYp1zme,3
6v3n9NO0dMkCVBA5FIf2,3
2X3tMeVL1QZ4WJmdqkUz,3
Bhp8E1sD7L2xcugonWyf,3
bEP6OGBDYvqSa1XVMuwj,3
6Qp2b3wMFnzhlKjxLJrk,3
0GKzFQ81IYXqUWkmfv26,3
C8OaF3weNRMS2vphGUAx,3
iySOCw3xsHdq8efXvL2t,3
JdxPDreW3hNGZljws1yL,3
7ywK5kNsz4EXe2xS3acM,3
egWt9IAdDGE2uPJQlRo0,3
dv9DhwK6ClXYcZkg1rMF,3
DJjxUw8TfrevydRuCSZW,3
Haxpwg4SmfWQLEPyZ5jK,3
BDuWAEz5GFKaP4Q1k6Jd,3
BMyRblVjoWUws42eSLgc,3
7kxCNEI8zBDM1KeW56u3,3
4by5ul19kAEtO7CMGPFW,3
1lvtjJOrfDVkE6IxaUsc,3
hKAr4wivTe16ZOcWp08D,3
gPUaRd12vzpH7lkV5DhG,3
CynZDa3JPgzdGSY6AOmX,3
bzU7Kglmx3vFEhkMS0wZ,3
3CwcNOpIWJsBERGPHVkr,3
aLMRmvWqNJUAlgDpBOb5,3
i2zSbNFKQtwAYH8n7Cfx,3
6TwA8C7RumbeKOnN5XZl,3
0qN2U7Ayorv9IbiTW4Gd,3
C5UiyDre7dL1XVHxsRIo,3
7goisLFSJXEZplkM3rej,3
26IcTMH970BwKz5nFbrU,3
afwXEoRvxuBVt1sFWbh5,3
0NiOTDde1ktxg954SJFE,3
ars37RzMbl29xdBcNofe,3
3ZxKMsRLlDYwnd4uPi2z,3
JNez4Z10tfKa52BDCkVb,3
0J2pOclDKjadkL57eroz,3
ARUIJ6XPorhKji7SsHg5,3
GzjCbSQ3srgy672wWq5T,3
9v7VZlw8cq3MR4ynQtgD,3
EXN8IoYcZs1qaCMBPtWA,3
jtEkniTysxuqG6DhAX57,3
0RSW8EmilbznyYPIrgvD,3
egFM4CjVl8Bz5pbN1Ux0,3
aCNO5F7wbqyDKZd4ti8R,3
hVA2zb6ogGrDYKTZHLv0,3
0VLen4rGI1wNjOqzyZRb,3
AH3uZ7WMq6RoOyNn89kw,3
gchAJP4keCm0fiXr1tDn,3
h5W0TMiPOQ7YNIfaJmc4,3
8A1wMUgpDrZ6HTcmQoCx,3
3zY8QVdHGqNAPZ6FjsJe,3
EbBqJ7rOtZ45nIlxhKfc,3
cHrKnfE5MgRIqlLmBOVN,3
6GgdCXPL2Bali0f8ZFkA,3
JnvWzaTAF4NbM2hqXtYs,3
BjChQHpi3Tya5bAO1RJz,3
3qi6bX9lBAxoCPapGzmR,3
Db6Vg5QfaN97KxzclZjt,3
drZagbnxePDH7JqYt2w0,3
0Z3nQDPiU7LMEesmG4TB,3
8zFhWnEwMyZboGIm2Dp5,3
42QdnyRoXTisYJ8M9hEz,3
6PbsWOHRu4JvYnqGzrdx,3
4qgxbOSvFILhU1RJW5Gf,3
HjgSxn8pJ2ITBsmohaLr,3
CwaO90vYBFn32T4uRMDA,3
2FfmJdWv6RrIjzYhaKZ1,3
5uqM1zonRdTQbetDF6wJ,3
jepVLK14FMHN90rgJCzs,3
Bp9yICsU7lPLvcuhY5Qt,3
6OtViL80ylEW5ogaUH7m,3
AlfXLOuvBphS0FPJZgGD,3
7hd9cgiH8qxRmtInKr2N,3
EJZfWS6XwhotmT7lg0jM,3
b9AoKd5WisSgXzMlkGCY,3
cI3dPqwaMLU0opfuNy6g,3
C1okxVtRdfUWIXY9G3s8,3
CZnRQNX0g8IGEcdMq1lt,3
IWUFk2w6THtdVq9yzn4s,3
57QmnCGYe0pdIy3zTgJ9,3
dw1szJLjHfcmE49uZKvW,3
HL024vgbFBra58IoxteX,3
BxcUOqI5b8zn2mlrXSt9,3
arzldLNUhfoE3cjIZ12b,3
Jj54oORSMYe7HDUKENpr,3
ceVOPml9stxyISQYiXpr,3
9Eawp30cdk5Gv1MWDZVo,3
AjmEFTtv9KJaYZUrkzcg,3
GoYCdUnVlSbXwk8I9r1O,3
3CMI1unj6fD7glo9rxHe,3
5Sbea2KzpMTZk4Is8vUu,3
ASwCVlU7bIDm6HjuNOK1,3
CqQYj8NFoG2KXVldsRBO,3
bw3dx5ILTmiZB6OWFNkp,3
Caznys6kPJ3DieOqSpcu,3
JH7LVWse20z1Q5Onfcy9,3
BWkM6V0EzUeGaIOCqH8y,3
FH0sp8nvwNRZ9S6TWam1,3
6wj5FcD7oghz1bOeVIxC,3
J8bOFPzjTYvQdZlEeSuD,3
HU9Fp58PbXvVDqIm4t7E,3
6dJOwbe7TkHoSa1WAuYE,3
jLcX3o0ivMTafFeSq19b,3
GqjF9NARSywHgC6bUBte,3
5liSc6DCvNtEWBapJFZe,3
HlZExoNdpyG4kMqfLAin,3
0PVAd2O4lMGUbawzfXBT,3
jqNt0mQMAOPZDHWxc6sY,3
dMLtGKfFj7WOs4wiIBmQ,3
ByzLS3siGOpYK6wEut2d,3
0mcWyK6unLRGV8Hfr97Y,3
IH03dnjiQsCLYX6yoWkg,3
iqIar6PNOtQDBcZV41u8,3
eH37zk9OawChTJdGIoDY,3
j8nmPzbFQ3ovqrXu9JtV,3
35i2FSK0EnVOmNHpd8QU,3
7cdWTzVjHIh1OMtn85fb,3
i824AGVjzInbOBgtHZeQ,3
i7OuEoAMRfXK6FW02vkr,3
eSJGtd8D9OoRFyPbufl6,3
aR1OKIrslcNG8hVYjudg,3
5chuolCpgextP9bqGSBW,3
g5AVPIGTEBSxH6uQwWJC,3
dAuV8c0hmeirMFaJ3wXx,3
fmcNPq3vhgr5Tx8ZaRWI,3
hjESsM1TOUgAXkLzZiRr,3
4zB07s1G3KjqYibEO5J2,3
4siXYtIN0AxCKn5yzhkg,3
AJ4B8UOijaqGzpvnL06M,3
AuWm52oTYEKXDIgr8SO0,3
8mWh570SFDzATaLEeVH6,3
FzQi9DwaKgWsAblcRXHY,3
hcpZW5LfIklq0gCJsYTP,3
i9psO08wRdorlvU2HBSj,3
194Iy5xv8QRz7XMTnmAk,3
gCJk0uacmvlBAosn74b6,3
75yjfqgYnbkFS4xd2mWN,3
9NrLdu2DQaT8ERvwtoGh,3
CDoRcvHMNxiq4OIjWTSQ,3
5MWdAsOpiyk9G0HvDSxu,3
gC6s297ohTDUNO3IzpKM,3
2EgZDWKnJV3Gz4TkIiYU,3
3ufcA2y6mtDTZFXiIoL8,3
fCZy82xrPRN6WUKpjLTO,3
15ADIikydX7eNq90WfcB,3
EcurA2WMeGk5Tv9V4LHl,3
29VrODhT6jpK5fxnkaFu,3
5jYQm1xLpncJS2EsXBk4,3
HFa7lQeGbUMP8hwKTr9J,3
BeSFz3OshNn8uwGKUCTx,3
cHDLN8VJzG1XuZhrsxyn,3
4sChO0eqidfLtS83JMVE,3
CDcigxuZ0fYMlmz5ep3v,3
3PmaDdlEYWrhG6e480xp,3
6nCl3JdMAkKjXOgoN8U4,3
Bd12KAkryHoe4M3UGRti,3
hgmnRpGx5NY6O1MwFPvs,3
8JqbzxWR216yr3Ptgems,3
aN8PetkbW4RfxABMh2TE,3
jIyQaF8JZVE3Nzo4tLkw,3
bN6ycnsgpUauJroQ493R,3
GLQ3Z1O4wCebKFV8A5z0,3
iXOK1q4SN38EUDbnAWlG,3
gfJpq3sVhzbLdNjWC16Z,3
7ul8ODTFRYWPryM0xfLd,3
Anhj52SkgdeY1FfuI3GL,3
0fxgjYEClPL1BDbcshzJ,3
ETWCV0YShbyazPw7n8xD,3
B4himGP1EQ3Lk9FpnTUe,3
87OEybJHlup9AavITYCg,3
BXQNYRIMHrq8LZ7Ay9pc,3
gZRseTmhYfHPvEnVFDiq,3
1TVNfZcvR09FtU2aPdxK,3
a9W2SxJ5nbXTsMpGmjLK,3
1V2h8lnzeGiuxmHR9k5Q,3
1PGWZqdnurksDEYgbB9X,3
7MWNnkoDrl2aRZAIPKOy,3
0IyaidUKRqnt2PDfOzHT,3
0TpWNF7ULhd4Yk5bXQyP,3
jkMgsX9OEfWmPqbChLH1,3
7xUnl2qc9tbYWsFzQCKT,3
2TtDCQBqdnV314lNMxSk,3
DiT8evBOkIyGsdxqjAhC,3
iA742pGJPEXIWt0zlUSV,3
BaxZjfsd2AIWl3TEPFzi,3
4dyK0YWPvuOnFmk5b9rS,3
bmOjLhGfn9tIgicHVCEZ,3
adG3c4XbBMFJvxQ2TKoY,3
bjGNZLIOUHMoqydSfBtp,3
J2NeYuA4IBz3f5KPVo9Q,3
HFhLC9OzeNJbP2B6lmsf,3
1hvs5Z9VJaFmwSDnxi6u,3
a4lrvUoF016MZ2m7dczE,3
fzCQEVs80HT7ioJgYKFt,3
JOwf2KBpuhVneIb189S3,3
cQd0vTgykOn1flrxaCAB,3
JvsW2yaUokpXVcbhlOMu,3
AbLUSYiJdvfPVp6gxn0N,3
1cgZSaQIy6UBTAqsdX9V,3
AsuEkRqBW9CrIy8hmOXG,3
aq4SxQF59fpbDI3wdojH,3
au79sOhkJRX6VYIec8PC,3
d9iovbGSauIRnmtK7e6E,3
dqeifyYrxHMKvs0p7Um3,3
C8wu6hTXoUet53Ny7QqJ,3
5AoVqUzmWvgQrHMlfFpy,3
GZDBtHrSVFvM2cC5dEL9,3
GhtqnW4gclQXTKBRvbjz,3
G4J76nstvNd0PoXSjbFZ,3
DhZlIOgu7sYeHvWGbmU5,3
8djFkIgPK56XtYGDsb7R,3
4jdQYKgCrZTaiJDBpNXn,3
2amRyMxPKTXJwibdWHu8,3
e8UthBGf0zAkSP2iVr3l,3
jtbI230ofwYMxRuFdpzX,3
bXGWQEp24u1LweHra3fB,3
Cv4pEJPDoxHsByfn2eYT,3
FuajKf6MUmELZ3O4sxlw,3
1qaYEkxde2fFuKv6SRsO,3
fzicEKPN527qMsOHpAht,3
BA1JDZStCHsQ0zUapdK3,3
hdm2IYJXvzDOotwQuRc5,3
HaFcfJxs8Dtyvl2rPnMi,3
Iv9Kd3LelrsxDHcYhnJp,3
AGPB43Mde0RNgZLw1t7a,3
By43LOPkYhDjrGTg0ien,3
cL6skgJYz3Uy2T8PvdwO,3
37YaF9jLifHNxQPbq8hm,3
1iWpGIDVnJEaTHR8QSPL,3
Gy8uobOsY93wZzCINP1B,3
cSEND4vF3fLOqUgylCZ2,3
47cdjy1YmUt5nwesX0qS,3
2q4R1FecArLBQfzSw9H7,3
2oNr9HV0ZTJXay81AFDt,3
908ECXqK41WUhyuiH2vc,3
B7QcjYOCZ8RmDH0xtWfU,3
bGjVCiMNpsnIBXT59eqg,3
5LTv3iVMXuNzsb1Bhafj,3
jmlJWL658GNeHOzQAECs,3
k2wvGcVaD65ZSeHqKtim,3
dXB9U7M1pgt8lPGhyNuo,3
DAa96Hpgn1Qfjd2mFCrE,3
apYlmGR3OdU5VvrTkPqt,3
IftFXWmh7B5Alnxy4DbJ,3
I0LV7EHCRo4umibQ3qpw,3
Glebjmk60ActiYp52TBW,3
2LeQVofH8Jl4da69AUxk,3
egtVNRmfrHxwznaFh03c,3
1dxLT9no8t6fbykXEJiR,3
5CiGOStRIX3ayFUrAeoQ,3
92bOmtQduNgIJA5YnFDU,3
JhUKcAYwftEjC1PuDgIe,3
I0HXFY9SZJROGPl1yrBN,3
2jf7mkt8YCUM3AriKVas,3
8d3ZxEPril4pz1oTH9Jm,3
a2sZItYqWX4B6cPk0Mwo,3
8THfDA2iXQdjNx4Lo6ws,3
AcCwbv1hrPlOuNps5mgG,3
1o2t0KwOIqHdhYCcPAfp,3
5A8gohkcasjzbKQeZB2r,3
FNfgljYWDabwU1Ri6Py8,3
EPz8I26gZmCOiGbWXwhx,3
C1MR4txhqcAg0vDWSZNl,3
2XL3TUHZNYkuvS0n5KpC,3
IJVGstw6jylqvRrkMocZ,3
4GrZxOBKvSPauIDVkhjt,3
4bP0fpWK9ygln6RwLCmY,3
JkzWI2MAvRi64g5QGUeF,3
GgCnpajM8dmXchq1TwZy,3
9pSnLG2tRJTQ6ClHzqfg,3
3ZLqxV7bTOWJm8BEtwCN,3
bu8vjZM9O2UPcGmXQKSz,3
GwDlmTct6BZKSJPWLbXC,3
1cP8XiEvMd7tg3rJmnAj,3
Ck6f2RoaEw9ATQtzhOcs,3
gcAwHM1dYerUjL9O7ptm,3
DEZyY3jrx1v9zbMASC8L,3
3QHCOA5dqfPTescoWyan,3
AwsXV6xuy3d5Pq0jck1o,3
dOZeYQCpVaBDEJG2v5zF,3
GIphNYPJuLqfs8FTcEdR,3
E5LXhtYsZMWfA4ebSVUk,3
fjAbOtkGQo9nRYiysBIP,3
a7sedvqXEgJMYwAIo93j,3
FW0vdghTMl5JtBqVkp3r,3
FKxO8J75rj3Cs1od0yTX,3
aIn3UKNJyCvFkD4dGljR,3
d7aHABNQz41Sni2XyVUJ,3
8OQSaZjs2vGYXDg9nbJB,3
aISJkXUny0dojZKYNBAP,3
CVIUYfaQjetl154x7hyq,3
24YOX6UIvdmf0CD9PS1H,3
i0fxLcWtdpzHqI1hDAVe,3
7ykVQP3IzRgKpN95olma,3
JKprfw8QS7yketdHLFEU,3
F0N7nEHIaOfxj2kJzGXd,3
3oMQAPEXqKpiBlHvOJYz,3
40as7FtBNoGZTuO5XpWq,3
37m1p4lwBUDcJKkPWx62,3
d0j39TQiauSXbpsINeU1,3
DHqruMgb167fkLaiURX3,3
gw87Mocj1q69KrPG2h4V,3
bdmLM1krp2jFh6qRuWcU,3
7iL5gJyPeOdKruGDn82s,3
aUnWoL1K6vi4R0c9rEZ8,3
5jFCygSHKY36OlsxB0pW,3
3zf9MwdQGUiXa1NYpIoE,3
ieUqYbvXQJhLB4NDm097,3
12tjh4qCkcHpObVBEeMr,3
hATF04dxIqGvZSkmK8ru,3
JecsGrMgn5xWXVkyj2Io,3
aGbul9py8vIL5BVeCfD1,3
ha3muSrdjiVkA1JeBQ45,3
5itrSmMjzBwOvcb7JgZe,3
3eNs5FMHf1IcySgw6QG2,3
IrmlDPzxU72SNhFbWjB8,3
Gjl3p5gNZxYU7uQH9hSf,3
DRdENlt1oex93HIvs6L2,3
8x1oTUZgX2JaQtqBYNld,3
40BSJK6xsUDbtch2Mw8a,3
5QnvTRCteUqcpaL3J7SW,3
CNMG4WYjkvLo35lbngdm,3
5vOq0aC8JlbRBVDXcmFL,3
1YhJFKP0mIC5e6kD7iqS,3
2u4RQPDJzrflTwqI0taY,3
2EcxbOXKTpYwm0MfkJUz,3
HJux0O46yzU7XF5slVQA,3
8RtzYSqgoln09Z2LAmHK,3
0xkbZDBOAicQJK5wC7Pm,3
BlshLxAuJR0VGyQWmT1w,3
5sHnYk4EgplBiD8cSLoI,3
hXWmVrauve08ACsMNqZn,3
DGqFIJjhM79zSROgB8pL,3
Jgtyz9OK13M2CYkmZolp,3
HzlaKhEW2n6x0FMBqdCp,3
iRMsohvN31qUCQDFL7we,3
IOhZiUpwmnve43ofur1G,3
10Eskl6DUSGugoWxvtYO,3
9JDipK3MheU4cHqs8I0x,3
AG1z2DMkWgvSP6hUnlwr,3
c5npw2uMISjrah74tDXo,3
bENI2W7cLoyjuGvZpQ31,3
2cmq9yIzWOA8apYwRekT,3
hxDQjadonWvuOqbgRrHz,3
h8N2BCGYqs1mRnuEgTZi,3
Jrq5tba9sMkDvpe3EdXK,3
HX5Tvj0lL8oVqCryhp7e,3
gnuITJ1G6aZPskYvm3FX,3
4KZRhfsL2Fx6SXrzQDAt,3
ICzpyf6g71v5FmNZtVEx,3
5vjkGHhQ78b4Kxd9JosE,3
B8tsng0FirpRMI7YaZUS,3
huUAxkrTVYFZco27Bba5,3
cowEahnSzK1gvb6tFHX7,3
iPKzLTFxOa5GWwQo1YIq,3
26mSoP1NGRYsyvqA5fbE,3
0BLbmzJRkjNynCgQIdtV,3
9EbqOQ5sCRtSVzg3DyMn,3
46FsZxPzIVu87hy95CkB,3
gQTjhF1n4ASvDV56ZpWP,3
iCIfFsxNyKkVzZv8cGma,3
JeuzM8SRYWGK1navfErh,3
H9Eli3VJ5WdQ2uejmpKL,3
CqQlP6D9YapR71wb2d48,3
4Z17fDwSIlGLtyoPv6Fp,3
B6nhL5vI2TxV8ODNbRJE,3
ab1msNeCBd2QpX6u8VU4,3
b8kXFQJv6aLdDP3fn0tI,3
iCvAxEGIW5wnpmhfNK2y,3
52GeORAFh08SW7lYocXU,3
Bju8GJvtZSMx2CclEPyH,3
CVZd3lhxBFOTqu9K8ymE,3
EdruKXjgh0GO8BMPs4f1,3
HVz3swTcIpKidhADXJCk,3
hSuPy5UBrG3FDZsKd1O2,3
8radu4yWPiZsAQC6bJSK,3
J31r0hE2xFveWf6CNwGa,3
dPbyaqnosDguVcFBJLXT,3
jnP3ldrIwpWfEg8ODV9K,3
3Mlb2WXYpOiJLeEv60nr,3
hAxZkfOWYgrQJpDi7d1C,3
JINMqhxUa3Efc8QF9vCd,3
2mQdWY1BRCsIZTPGAlSc,3
c06HYvVGxLNWKZyCTgAf,3
h2f1WROF5miBuetpbI8J,3
7NFwbJ9Ky8P3Iz06hU1Z,3
jGDhfaCXJUd6tAx80n3T,3
hacIJolu0XmpydkYRK8r,3
8kORlw25hI69eu7jEfVy,3
jav8x0cXCqsOofl9MPyw,3
9Qp0ND1JuVwkbnrBCflT,3
Ipt2fgymMd7K8BO1YF4P,3
GSBVYnK0U8HMDLyfeEjF,3
4ilcBJdk3uARvNphIFy8,3
IUSuf2hBaRG8yrNJqDHz,4
kAzywbamDKcOWFgZGTQ4,4
2g4C03AeqoZR6ctiF1Qr,4
6VNXsCD0lueo1nw3KO5M,4
iAFZ8be3gGIJcK9uHwEy,4
4aMbnHlA9es8vKmOFR2Z,4
7c06VofO9jp8dkSIunga,4
l1yeU9NCErfuov4GIXj6,4
9eMPNZm0jOhr1SLBDs46,4
7OZ8auLijd26EwXcIGHo,4
74zFPGsnxZX5pqlaVUWY,4
f3QCengcsa0o7KlZyX1r,4
9UvoPgMf0tnp6KA7NiCu,4
EpBVNQnoMzYaCbe96OZx,4
gP2lDJxn9mFV5U0dujbs,4
fSn3lMtv0pJWIKLzNxeG,4
lLvracbzqACpwsUtnuHh,4
8LnoxdfArQiIbvV59Yyq,4
g7SQeJHR0IGrqBzfumlC,4
kJ1a9c6NoCv4DqA7Hh8R,4
7Ebd8M0gDHBRIjFvr6SQ,4
0qPGt4cRVk9NoiJgubf2,4
eOvS6EBmctN4K3guC15k,4
2mYSX6J9Dd5lkpLuNMc8,4
ireBgWXwZGyvjU9aR7P6,4
3RiBw0ntobeCh5VEQrY1,4
KLc2AnjgPzWCTqV7iy0B,4
6gHI9qzDjmLhd4nWS3oi,4
8JdntIrPBj61FRx39cfb,4
9ml614yxaYqeibfruLWz,4
LgeBlyYQAD1NiVGRuxwk,4
Li5YIMaubo4TWtEV7gxs,4
KfQ58FVTkB9sb1i4u7zH,4
7cnyTvamsXhUi5IdSlZ4,4
BVSv2EQDiNfR4OxL60l5,4
2XiGfo95mCALRbu6KzVY,4
KAVHCXZWDib1zxPOqINJ,4
FOCwBfNrL3562sRglxZc,4
k2uRGpoUItiWrTga9ysQ,4
4vNDlExnr0y2mFXUgbz3,4
AiaszSGJFhg0wbtyR8Op,4
BdDpAUVrf32Hwm5ex74o,4
6PG57gUmE2rLebCBTMno,4
5YMeDkHjclrCPd8OuymR,4
ekRZWI15vJCVP3iBYjld,4
JvHA2RcsbZqDQ5ETtog3,4
HC1UgrS8istEpO0A7avX,4
ktjMBCYU054Nh7GfT6sr,4
GBpWNc6frYvmq57wyxgX,4
6XvS9xbnOsJKrGL30NZM,4
7W4mwlHBPNdcFaViXsrD,4
Ju4nWgOCHXBlyZmTo51e,4
jV9q0Ae8pCmL7iGRDv6o,4
LdYVqZXi4EpATxvmBcW8,4
6u25JYNBy8wzSHUjqxvh,4
A8hKH57o1Fj0ZgI4q9QX,4
K9kNdLS83clsP0wDFObZ,4
fbYAeW5rtdnFRcsvyo3X,4
FU1p8GJSVXAry3e2HMwn,4
LNAnljesrEDma5oUfVZI,4
6ZsB7guTtJqAp45VcnS8,4
loIP1tiwELF9YNZQjSUO,4
BZyd9n1Lik5loVQWYgJR,4
alNJ9v5fdyO2QXruVFsp,4
kei4pRX9ENQaKFsLcOU1,4
EFyS8WGvdetUPbqiBhID,4
Gbs4cQpR5JWdFhBIVKHl,4
Fmgw4Qj1asTx0fS6Hvb2,4
LEnDGzVIjHaqmrPMJyR0,4
B5YUlVtdxFgkTM7mN9Sh,4
Lk2VPl51Q6mwrAd0jhic,4
haMeQO6Y4A93ipELGwXF,4
LivEmF2ytpsDexIVWuYR,4
k4x01p8qFl7i5tbSBDJf,4
2VhINMP4oKmsnjZkY38U,4
aWKIv5xOEzt6snd83MeN,4
ILTHy6snFQiapuxbXS7R,4
2YNFrzjaecyUInXCDVmt,4
gGPBDhr24EI875LfTNXV,4
gnKi3qo6WbBSzQs2fRGt,4
5z4RdEK3fJleayugmjqH,4
Czgw1rG4JPoV5ksNDuEx,4
ljuryB4bfagHqV5FM9Ae,4
k7pFAZu4qLvW3o0hNHPf,4
ICeS9QhkFyus07p8PRWB,4
kCyuYhjLRZU7XF52NVzo,4
jOZMUJF5waGhqLQbWsYz,4
3ekS6OIvjTVhQsgrqiHo,4
d2xiVKZe4JTgBQSkOntW,4
DkyjfaKHbhTCYr0px2iQ,4
K4IXeqoLWvYJwg8thdrx,4
508Uk9z1gvCtucARFWG3,4
CQ9ATzbP3j2On810GX4d,4
b6ZsxrcU9oTlziSwDGVI,4
emfAXPk3uGVwRaCF9Zgh,4
e2r6IncxE1LQOKFGgphj,5
AeCXyFRcU2SsgvVTpMzi,5
40KRbGeQZ8PwcUgt5joa,5
EB0d2fJGLHam1tQCUDWu,5
2pwjzv6eGEb8QmHPfxSc,5
hZiVAw5nREjHU1qodatK,5
cIojVJGQOtrL0S1ApeDY,5
F6nOrb9ipd0SskWuJjUw,5
FdiEeV3N8WtUSXjmcrxo,5
EWY8v9Rhfeb5pxdStiTz,6
CiTx6mEeoVk3sb9fBFIA,6
5YcQadwmPLqg72tvW8iS,6
Aag8xz4w7b03jD6mG1Yh,6
b3EWAzP4jaUevDKZrfqt,6
jwgGHFRmiL6BlXrebIuJ,6
Bzyp1k9xuJK3nWLsPCSa,6
6JcOPhsUjbfXgnoQaHyN,6
GApUZMLD5BgbES0zrcYn,6
Kc1XJamkjDW4lB7VtvLZ,6
4bHkABPdfrjn2DYO97g0,6
BFmbPXnMtl9oVyI1SYvT,6
ArTPy24mpUtMjSYQGh3v,6
kiLT9E8NrJAdchnwvBt6,6
8Nvh25eKPxn6zEdf01AR,6
AK0WapSl9V5GYu1HsxLB,6
1rc8uNR5MiqVm6Do0xSH,6
a3UjzHb2mkQxnJdtZsRV,6
CL5Moas9hliPGv6nYSyj,6
gfrQ2UK3LFvRCMEop0Yq,6
KC4y0GNUxi6AvuRpQwsj,6
fljGbXsC06zBq8JZEv79,6
dvPzx04ftaoVyH1RDnTr,6
bRKkovBDCAzcZfNJ7LWH,6
2wZdP0yYzleC73s5WG1m,6
jUhyVv6x9WIpHTmFutba,6
A9SBTCOonUdluM8aqzXf,6
bUtG1D8cgh4SzifWksaH,6
8WmlQwgVXPJzeT36c0af,6
8wsldXc6EzeFC4TNn7Lk,6
chAu06VgWqvZ3LOoaEep,6
JxCiRHy4M6F5Kw8rDfjq,6
eoAlNd32LZGSPItn6mTM,6
CAeHqYZwpdarUOm0D2tG,6
CpqoJfz2l3hv9bsUOBHR,6
3MG6tJEmkClb5pB0aOQT,6
8jYo6TrpmwN2BGyEgsKd,6
e5j9ZOvH0tJ6TAg4x2WR,6
3QYwp0UhaluvGBfbmg86,6
K48cme3a1Bsfl2xoG7dD,6
3JI0t7rP5HE6YgwTbjoC,6
i5u2KDJ9t0OyAdokafj7,6
1h7nkscUw5lDurHXPE20,6
51qVyQZvcFaz89onAOBS,6
dzV4q1iWUT3eIODcFJSx,6
h5ZBNR8Ag9YMIdk0Plt4,6
FP3ITxh0a4rBOp7lQZ6E,6
Iq6zLDfSXargmVQAZbHl,6
dHzVRuiXwMgU6xNIAaFr,6
Hch7ZabpYeQx94mSA2GL,6
0EL7OGZKozbiNCVP61gk,6
FLKI3hDWBycN2niT0PmJ,6
cNVHORo5DAFCQe6TWSbm,6
BSvGkbzOdgKPyRNhwjf7,6
euLEGg3lHfAIJz9dvyqa,6
4kuxDJlwWHMi5KX3SVQq,6
f7L3tzZJEbS52NTgoX9l,6
3IZHa2xXVu6KrgNoPd9W,6
K51kg4QuOW3zMeft7lXU,6
2eJq8SOvi1Bs4T9XNEj6,6
aC3qABWUp29F0XvZNkIY,6
8FOKNb1VGi0hYnc2u4ls,6
jwT4zVKNylcEQD92hvU3,6
juGVt8nSNeo7OJr2p0md,6
Af0aS7YtTvMFG5jhOquc,6
9DiHIregYkyCL3lzNvtJ,6
avEsqegSVNdCUIAX53cY,6
2v5AchX1bsjnKpGg6Vdm,6
e10PUY97MwByIDjA8LEF,6
Fl9o1QycpzBuktRXSwx7,6
JKUEA7PuiXYmyGkwQ2l5,6
edZcFpiJ7kt9bPKqL6Al,6
Aghn9OrSzad2DvLYPtqV,6
jBRENK34v8VzuSOUQIFJ,6
EuaSn2m5IjW6pURYtfH4,6
dVSQ8bXUG0Jol3ZmDqOp,6
dN8OJEu9iqsXotfPkaDT,6
3CPhpEu8klwsgLmRMeWx,6
8r7OAlKjc0vqsthT3UF6,6
CQgu2x0clN79pErdYnZW,6
9PDzWKXE735IH8V1hoR4,6
2ondxDIwf4si7URbH1ZJ,6
IlSeoJ68B1bWqwd7kvM2,6
JvK5S9pskb2IaXBLHFz7,6
27V4S1ncC3fj0gitGuDI,6
ci6Su0WdoDLIG5vnJhay,6
hTe1goq5BG2YU7kQiuFm,6
egLap5DYlIPH1FvB69Gi,6
IZWuOMidGxg1HYNP9fJr,6
0BZQIJak6Pu2tyAXfrzR,6
gpJlG45jTBiCV0ytWzOL,6
13HkPY29CL8RzS0FOc5D,6
hXGizHjZ12qRYLw073eT,6
ki3Fo5dh6yWAqOCBrEXP,6
4GUWMjfCbyK9ZrOeaBPT,6
bxdM9LUoRTGO4lvaAmPt,6
FEA6d5CzUyqoZPS8tfQk,6
AUdusxNDrKT41q6GimcS,6
4U9dtRMoQrbgeB2iSYZE,6
723C8e4nNUKMLrQZYdpP,6
41bvS96LOdtCgmxfEhTs,6
FtdxnjOaVQHhMAwcf2Nu,6
03nJaQV6K2ObICUmyWoR,6
GepfoxXH5VWKnhZzYl6U,6
6nO0fzCtXw5ryNuSIRVa,6
1cdtwSyhmiekLoH7OUEs,6
I7LJAB2rbs1XKMYVmvdx,6
jo31Zp8ISmPxHkr5R9Vw,6
HKD6kbY482MvpV9saOhi,6
6v3P0dtFROb2kyiNrKQ1,6
isqLdxNQRBISP20C98A4,6
dUfv0TkQX9qN1PzWpcFl,6
7NmGCFUTuWswvVJMRfEb,6
HSAm6wFQNzyb4GvscWoY,6
I06AelmRxp4VrS7OUBHL,6
iBwVcOQ6hltTIaZp1SFk,6
GvmD1XAoOxPfbRwF2jEt,6
b7gT9EzYN5fs40cJX2FQ,6
jfoOKUzAhdHWvuLeJxCN,6
3wNfTntvMkpl8LuY0WPm,6
DNBtPALuVrzM0Cd3mwcl,6
3NkDlyOHUWc2Qjzgh9dV,6
I3NCymSAn6soGWjLPvwE,6
BC3It0Ak7YM9UQXVZnes,6
iQjwfWnkXCbetmS3sg01,6
7yhwG9NErjks0RDc15B2,6
1d79vVgNkt4fMjQELaw3,6
hg2kICJZPVS1czF7mWLx,6
ai0YqsQZAbg1IWMvXdoG,6
J9es05NzjWripUYxb1tq,6
9kWYKpxTBGXd13Py6Ulw,6
2FpVtbaHJWAG0ImwTzxU,6
8qCPkhNr1KJaGtZ35pBc,6
bzPNrBFW6RH1wIQ5n4tD,6
Fv4oIUutzNCha6rXHxGD,6
cl0W7xzTAYj9CEXJkS8Z,6
8uLBi1sUnKQoVyYCW0SP,6
bWDzeRVOdvC0L6F34EAB,6
2LEOmN89p57jGayvcXet,6
EzZBAe2N4tSm0UIHcC3n,6
D34oHsTMkn7vaOWFQUy8,6
6VXAjpZbgU4nOc98z0aK,6
Ine2sQjBCd4oqpcbSixO,6
E4vqKsZIdNazmDC0F95l,6
6dthzN459qegiaRAJcjP,6
giVwn8ERCZrvfSIGFmaK,6
43ErcSLOBzy6upN9gPKG,6
dHsIFJomVwubBQYCp0K4,6
JVdaIxt2DBu8Ez0cH5gY,6
30gAEOLxoS2XGWFa8cTr,6
HPgEAKLnivQmBkXh6jFc,6
DpNvYX1qedHLiQnRhF98,7
L1OGj5BEh2drf0Wtiu9N,7
2hwAeJRIM54fmCEaYdbn,7
dYkW0lBtXC5saNL1oTmR,7
8nEhOVz5vMCKpNrBRg2D,7
7Tqx4LAfG8hZHivBO0CD,7
k9Vp4RQczHiGXIJ10qMf,7
8QqTlOsYx5oLychRPgX3,7
ELuV9FA7IjKXR52NrokU,7
aXnIKb9Cpyd8iPrZ4qm3,7
0PlfqyKM1JtYZx2me5FU,7
kLaYBGOTINF3t5HvqJmA,7
5dmG6aSUptLVBfiJ40ZA,7
6gHQkuhNCliso84zvqMG,7
BdZYrUSpnXvyITwgOi4H,7
35dbDR8KSIwZNAPlcgTi,7
K5WyCRrPOn9bkGfxgY8v,7
gQYxTl9UmRDKqIMBkOV5,7
eVX5tAiMkBW6TL9HCJcg,7
KdPahj5FQB4RCbNEzsnS,7
7cx4QdBWg9wMa2pvOLuo,7
1Flm7qajnOzdtwBZ29gL,7
kqiOdVbRQlB2s907GLMv,7
f6OSXzVv5aDQPjGYrEA0,7
09LXtWxm1EbK5uVqcQS3,7
L1o7HeFKzONsb3JvRy82,7
AJg4My5hRiCSOeakjtxX,7
EzwfYMsrq7AnU3t5hCDy,7
gCSrhptYyd6vfQAZXcwE,7
a5n3BtqdsJlZfup90MS7,7
L0xnGubfYwOPpQAgVNvo,7
KCxI1ZA3oiEqc8Xe4MkO,7
HWhSIz2mFVokMc4E7CaQ,7
5EVhC0IMi1dNb7TtgxRa,7
I9zqNg8Bj7RECDreiUX4,7
aKQpObrHFW6ymA2uwdXP,7
adxTjKLeEt0HFnUJq1BS,7
gdjL7Gu2qxoX3OHrSkWQ,7
cDa5BKpzw9GqnArQfZ1L,7
bnpVUwhFmjOAvQoL4ulx,7
I5bhsB7CcpUDVn8Yglwy,7
57aolZC6XSxqr2HiGsfV,7
6WrBNPTRljxmLahZzo5s,7
1QuMnTw8zc3oWLSZ4KXt,7
7ptdL0VO1BzPlWXnGHwJ,7
KgiNFPOsZn08u9BEhWyx,7
BUDV6TrHowk5tGJxvsnj,7
D9HGru6N1npYCXcIy5tS,7
1KjZ4An78sOytkzgRL0E,7
CUw6LiRTAg0ZVM8X4p3P,7
3mpsxg2FODqCAXHbMKPi,7
HQZY7q3BvjlrANFkcxT8,7
IZvLMWGkFTNuo91UBpn8,7
6CbnMfItA5py0odwQjPR,7
jDJ2lpYeC6OLvPqWGIsa,7
2xlhAE5LO8RFfczB6ep3,7
hNKoiFSWrHegX5pnvfRA,7
IEydq4pSaBUO8v5CK2Mo,7
28U1hRkQ6Yl57493ZdXD,7
c1SrgTA3MYaeKktWwOiF,7
aUufGnCVsQDZogv7wHiN,7
daYJhP9jKDTN5o8Z1b2G,7
crOuVx8jI6DARFmhWJlM,7
7edjQGTXowvNgS9uVi5J,7
9XRnlJD64Wzy3gNUhkMC,7
2AiNV4msBIWd51whz9Xp,7
GNy1v4n6iV8zlwOPKDeI,7
JMaEzg6s2P0n4wSIyulO,7
dOc4AD20ltIzKYHCPNFS,7
6iSL1WkDHVIUqJzGmnhN,7
jKOP7rSszpF6dhNHQfua,7
bMZdDnzxyquvFwS8J6KI,7
0hZEqJ5eMVjU21HAG7Ii,7
3eHwdBolFKi4PahtXSyg,7
kMJ8PQiEqdOx1wmF4cKI,7
foWjCIUpHk4tEruJlBGc,7
ers73VJzBQHoYxilUdt8,7
K2QNGrnBZP7I5MiF9kUb,7
d0jkP2OD83C4AmzKtE9g,7
HeSRou1ZPv5rNK2Wnzmx,7
ecVFna7rh4PBNKHoMugD,8
bMCSsqgxuwhlfOXUKLFm,8
6kgpyCID8l4Pw7BYHTjM,8
cICg0pMBHFzbWymJo8uL,8
juBfkEG36LCnM41bOwKl,8
c3Lx2VdawPgOrFQK7ElZ,8
D0IG1htMFaB5AoTQRXOe,8
Aus8WJN1wSDQn9LCimV6,8
2pNwfLHYoKcWBzimErGS,8
3Fc2OQgjnfUebXqh5HWp,8
JwsCip5tZlRhk9ga1KB3,8
IuCwONbnrsUq8PVpay1F,8
5nPlACqyhHz3wOXiQdGV,8
Iec3SYD4Gimhob1xQ7sV,8
Cqn1ZIDEQwzlrMNj3oAP,8
HWSeXqDjk4pg61FyBTPC,8
ecd3A46BQyk2SFJ7IMqb,8
9Ze3Os6Ko7ATfMXLqywN,8
i8LcqhIaNp4X3Jd0vV1P,8
BP15O7oHVdpeUaRxF0Mu,8
JiS9zt40D5u1xFqckbUO,8
HSeCYbTOxjRn3y2XPAvf,8
HzP3pTQ57cAULx6d0k91,8
a1tHxq97wypZ3A8QjhKl,8
72ijtUXB1aeWoVIdZrcH,8
e6xiQwfrT10IJGVYhnqD,8
axoyhOeIrvZztVS1b7N5,8
juPCJRHOoLngNAvBZ7xl,8
1ARrSUKCbhWeTFyjp4ix,8
15sGnFeEvMIgpQ8acbUu,8
5b6L7AeCpaJPYZX4Wqjf,8
9iZyfgVbe6cDYAhSlzkN,8
2ydtPK1XCYeBqwSIcRGZ,8
IVQkUgrW24Bmbtfvwqo7,8
D6JwgzycPQu7mWt09eOI,8
GhHS0zL9cgNXFK6j1dIJ,8
iK503zvsIBnMQAwmgHux,8
2vAZ5dpB7hzci0V9EmnP,8
a84udcisW2mPRvrSFk0w,8
48GJctl731qKWuhyfVwL,8
g6ClWcYBrAHskpjGXeFE,8
IqHpKbSLQ1J98m5sOxyt,8
gAdFOfVQUxbq738orWZC,8
B0REvwUqT4QIh8pinM1f,8
4OLCEwoqQIRkspZujUD0,8
657cSztk3InCL0MZmPWK,8
gmpkFT8PMwjOhXieuQKf,8
gr4aMsZW3fHNbiP7eI5d,8
fwz93tVUqB0KSh57QMkl,8
GnTwHMeljN8m3PvWBdLQ,8
ezxoXjVrEMLP1s5Zb04G,8
9QhMT0KDxlrNbUosASgi,8
8a39lGQmftE0MngbKCqu,8
15uCdAByiF48LpZ3YS6Q,8
7tTN1k68jFBqlbXDixru,8
BsouwtiGC4ULQcRpOWh0,8
1jex6QUgvfsViWcLJdX4,8
kh9aIv34TxX0DGRFVAKf,8
fj5YpGb4WZea7RCP9Llm,8
a3V71kjmx5AwEivJMuGQ,8
KIlRar2dkuxMY61yTwhZ,8
AtDzQGnjHw4lNLqJsukC,8
JXbBkuvnYF1tCANOlZy6,8
Fa3Bwj8M6UoYhZKimT7E,8
9kCILoJ4Rp7YsAZngzV6,8
D4UkKvnxZCswzAahu6iW,8
caphmH2ebXoFlZQNVy3n,8
dYy5PSntD1Tu8gZip2OE,8
1YBJRhWOvlpHx79EMf2I,8
8mpJUGMP4fhecg692w3r,8
JWDgn4ehCdSx3HcoVPfr,8
agqI7DjH6FXER2dNJwVT,8
21XVtgk6bMRdLWP4xoKs,8
9LWNpGBmUctnVraSis5j,8
Bo1NCzWcGTYOHQ39vMga,8
AKWdwnF1IHTGZujOki2N,8
jwOH9vMbCimpZGrQdYPq,8
6Jdm89ABgOzRfitPVQ3M,8
H483RDhTj6vJenicwzAy,8
Jy0NTuqFlpx6LnhIXWK4,8
8OpSLagR15Mvq7Zo9HzA,8
ce2bA7oZP38DCIX9GhQV,8
1pjg7bvn9oxqzCOPN2kZ,8
CdN4kZVMhB7IoxsRYu2y,8
0Q4ALVSRnlHUBjyOb1sw,8
KGTOj6HAvNqWUcP27bCf,8
HbWgYw9MFDceJX7msTR6,8
1GmZULtOThSYEx4sNWDC,8
DEsoaSYpTiVrI2mCj9MF,8
h2KnxiqVodPEjrCGuF17,8
BM9ri8vXtbxJNem6S4wg,8
Ei92sQqeJWtwHkcx8ouK,8
295nPpgmDUkQw4TScqfh,8
9VZ673sDcNIJKk8vP0TE,8
I8vgEN7OXoeaSCf3rd0h,8
4tdKOk02GsAmbrDepQZi,8
82AIq1lR7GwbtSsTWQNP,8
jDUlGX1nR7eadfkBEoLx,8
BKt5UQleYWvJrx4N9R62,8
gUqCe4oh1H7M5Y9EJQSs,8
arCjzeyY4ql7IcJMDvZW,8
4RKTW3jA6pyNbV2lgUst,8
HareMcE1jJ3WqsOXDopb,8
dT6n5gVkjxi3oDqUB4Zy,8
1BM4l8DCZmSpoYwE9Qcv,8
aPU2SW8Kt5OfDzXZ3YqC,8
IFfDHk84oQVNtCivPThK,8
Cvi1y2efF0AhORZ75uNK,8
IuXvyBcm6zkGDM3KUiCZ,8
JytOpUNjThR5knZgifGQ,8
3Bsqe5aIEWKZvOjXmox9,8
5naosJmebzLtOl9whUEG,8
KHQJDZ7toAnaeLSifmIv,8
1ezc5qf2alj08CsSw7Er,8
Fknri4bKP82gvuRJqjVO,8
DZvJ1nBiqaL34YSwo8k0,8
iQ2sjWu1867hVrJ4wKoy,8
1fJVGN3On0l7kRohcF2E,8
2cSHYRJ7p4jA3O8uM1qI,8
CtGcyhMJk3wNe9BU08LY,8
gdoH4F675iWmYCT2OrnZ,8
2VvzfnrS4LiIEgCYws1J,8
chIxPYzG7tBTm9AXDgUC,8
K6iRbvqZrJ5h3C4x0mMT,8
fXP9DUSu5dt3MrYOKhAi,8
G09EtRmDsFyCK4lqjHWb,8
gwjhnyxtd8EsiPb3mkCL,8
AL8j5X3WpPCJmHiqwBo2,8
aoJue96cBtikXd5ZvNYD,8
duYKP0sJ6pINyZRmOCWF,8
9rsm7SK0hN3bfJIwTzVO,8
dLuRwUfn04V1ZsDpbvKP,8
aNfVk5qvcY9WFJm6RBQj,8
AnLTgxmeksSPClNiQMJv,8
jK9SZWNRLUAhvt8o5Ycx,8
alBGIWRODJAXYoEUdz0v,8
hStvL36JYZfqk1XWr2dN,8
gpQPsBn4Hc6uoxmFbYU3,8
IUhoJuZ2y0iWz7sPx1cb,8
Hquc0fQsa6RVd3eDJOPv,8
FRvg9Ji5jnkDWqm4sMcA,8
9nm0PiOyw5X6RgU3HQVC,8
7Upjf5qMRYvm0HgrQeFZ,8
f3I8LNGxFnEV6gd9iJSr,8
Hlx3YEyNSbCWaBVroRiK,8
ebcREpnCkZU65oBVHTj7,8
EKzas0qTBM4n8OxgHYX2,8
GZndsp4oXvf5Wzb96CQu,8
IuAnZRqFaMl5eYbPwXvz,8
7rA0i63yVHEovbzemk5W,8
AeQbnIpdNBfg8aDTRMlc,8
EgymHkwfrqWDp28M7dJe,8
k9LJAopKrhzt8H3iIDuf,8
DNPAd4wCIHh59p2nbqJT,8
B5gWjUf3PmKuJqXQnOZx,8
bmQTphu5qdLaNjVcAKn9,8
a3SdTUwjYntOzGCKlFgB,8
aiRmPYXZnQNA509cpthB,8
JpcD0eAoxQPE2NVlLd4w,8
0fhnXI9ESr4jgWmkiaTe,8
3wKmdN7rqQi9cT6zRLPB,8
cV8fK0vA9LxFz2B1Yeo3,8
hbrnNtGHS4K8QFIy9jd5,8
H9TpyBucANdDhLxaES0l,8
Jt9n0B4wTIpYCAko1ZQE,8
BIDzw09f5oL1QOtJXH2N,8
Cqwcl7m6vezMOAiEnKWp,8
ejd8D3QOiaPBtfCvlskU,8
bWMTEq0N6d7KRZhvigGQ,8
jbFcZuLt8zmiJQAORP0p,8
7dJuvOHt34rg0cGQ6msU,8
7HnMVyBJghEcwOUlr3p0,8
aJcVr6m8yCw2l14WHhOU,8
HWYcw6mKFXI9ABCz5LPE,8
7IuEmVGSFBQqKrjhcWvn,8
E5wU3ZSjKbraJDdo9V1A,8
3mSnzZXGkwKY4a7yp2bJ,8
5MK9AFWTf6s8vQtD2yNO,8
5rlfRGhezLMBpsV9YJt8,8
IFGzJ3dxjPurAUXKwpgl,8
9EBXSls5MR1IAN4nT2og,8
IWxSEHjOyLRcPBdgCb3z,8
4EnNLux3rOG8i0W9DBVf,8
3QvRB7xD6n9kNutKOYAe,8
5FpUhdG3qXbnLxSuYy6J,8
7UEqLpy8zmkvfA2e5Nob,8
5DRVonhkBx0twcjXCsLI,8
FTf0bi9tk5ZPs6c3ANMn,8
6MfjO3CBFGpvi2mWzwkV,8
gwXl3eWLKuyCDncbaMk2,8
8lTjbp3rnwtLh104E57v,8
F3OeacGAomRBgzErX4nL,8
gCQ70meuzrYAFaWDxZJv,8
7vtNCqSGQbBjmYdEURMH,8
JyL9KH05sfl1FqZEmuRk,8
cOhKH3t2zyUwRFNVQfs6,8
HLpXtJWqcKPYl3bdQzEG,8
5102w8Hp4TRkWbIUXSgZ,8
75ItWqpMPsL0ng1AdCDF,8
FdSyWHUrZqeo9aE1mI7O,8
4kaSNXsgRmT6McOxrA5o,8
Ap1Lj5JHUiDVIoSWFq73,8
hjdkwfeHXnWoUsJPY2y3,8
4DxsyQuwaLWHIfzcTqli,8
ADaWiK4BCZg7Gub09xjm,8
9N7hmb2VQnZoJBvLTWlt,8
D9XrA6kMy2sh8ZYnjqiT,8
6GKL8mpZ01qTy452uQsB,8
5fsyaH409vx3SUXN2jOq,8
DReqVt7Hxa5plh8v0QP9,8
HKb0OCLUMnZwxI3o6fGi,8
9fcqns4I3ePECOVMyxp5,8
EmT1hn8qX6kOYFbZIB0f,8
I9Fsn3j0vud75iUrtycq,8
FNlnkGrua7CObgcMqDw2,8
ibfQ0Ms6FPkLSJdvEzW1,8
62lqxRWE40MgbnzAIwtU,8
5R7IHhyprqkta0CJVLdF,8
axWR038AmVMhjZOcF6nT,8
cA69YZFTVMzJpEKiSu0C,8
jxgaANiB20rR4UuSveCs,8
7w5hNgKFji2kO6dCnMzJ,8
aud9U7Xni4qS0cTrmjOR,8
hsopEiH3WtQcLxwGjNy8,8
7tDpNPXUISleJCkZQjr9,8
jnuV4HifAv2PR9wkZq8Y,8
CgImqd6w4TiAF2JxB80E,8
Caon9tZ23mrkJiRX6S0q,8
2LR1cT43f809ZG6KUd5l,8
hsU2gaFmPKli7CzWdqtj,8
G7rLkA8ejxVycE2Bb1gP,8
4wyQxRhbPCgjpkfWMNV6,8
0u3fjhzJ2ZMyAgKYkVF9,8
fKR9B0IXciszvOyw1E2N,8
gMjneCJIuS47bLXd20qK,8
GeLtAwMsZIQoD0BNuhjr,8
ByjYPtUlQ0T76FekSJH5,8
8bNCQU7PMD6lotyJixVw,8
GmWXcKzaioDnkAO9qVdt,8
ESGvu4j7F65olY8IkWi0,8
8ZOdxFw6MCtiyqIkzYpr,8
FK61hsnuxXBgDiGHjvbR,8
2dqWPx6MhJZoY37vL1gT,8
IRp87lKaGeXTkBtJS6ji,8
7XDnG9SaVHiPIolA8KQW,8
hp3xRaSc8JFL0NqIXBOP,8
fejvONdZz12cthT8xKlo,9
cOH6VhEdFjkLNpvtGBiY,9
jBbO9vIsVMT21nl7megH,9
30ryX9b4elIiQcPaVx2W,9
dI89k371NKgURwFqsOBy,9
9J3ytOwfECdTV52ncMiU,9
ikNI3YPuFznBR1ydWDK5,9
FZhGnySKIx4prT8YmNWR,9
6LGpjCQ1OTJlvxRH3m97,9
AJ9BXwPQ1TvYLNM7lHGc,9
e0ujNRMU2TxqD4rfAXaF,9
HvLeFD0ARQ8bmGzcgaP6,9
iPFa4r6moSNthpqB2RDV,9
EpN4owBqFXM9YRyf3lUi,9
5scq0VdirPRF8DxUKbh1,9
jVEk2G0fyQUiNWbxAzch,9
h4BSMuatm2gwqDs8dLJk,9
4dYWHLCBPVg5xTAzRK0e,9
4tXefqnpIW6LbYB5oNrH,9
Jkp4jA821MuFmbZU6xRr,9
8J3W0n5K1dY4eOPHbj79,9
imns4fDL9QbS7y6Ohwac,9
CSehsbFLKPBTWo4gnd2R,9
CM0B6DmviQhWLzTuHRnV,9
j0pIG349TtMiXgkH2bnF,9
g1639t4hNmJ8DWwBO5cA,9
7GitZvML2g4FwRHINqsT,9
8l5jU3sPg4MomRFwL9zT,9
hEetyRmw4z6TGj23791i,9
anpXsbFtcGLq4oE9KdiS,9
jKs2xGwT7nCOQ5hYraFU,9
9CNTobS2LlmuWiK8V054,9
1zP8Fh4ZWpELUrXB7Say,9
AarFhLo7SgGIEU0fHzQn,9
a5dsJH2cv6QprLwWYkBx,9
Be50gvTzhjPKQ4m2FyLl,9
ezHTxiry7cw5dsY6NjSZ,9
IUVTHk0fbcLtrx91MeRh,9
EXuotaW9q2Dey35lATQf,9
6ElMtAdaZfO4kjFKGQng,9
ECniUjgm5uspabfKSQAT,9
GD7JUv1IfRuHpneMKaYc,9
cwWFfNAeLChbKD9mRd2u,9
3eaqPVnAvws1lHzX9GhD,9
9jyrhIR1pzD6LQYEHf0Z,9
2HAvl4QhqKBGu8cWedtY,9
7UJTAcmd85jRz0VitSof,9
5jkOh9VRtDcMElf1TUBo,9
0dauMIK4ATfybzqUgNLc,9
3afO9NUdwDyT6IlAm7gk,9
JLS67VuPi0hyto3e5g8w,9
d69TJVnLQBqZCIaY2o3E,9
AZkj6twXl4ar9BTGs1SP,9
cwMuz2CjEtOdNiA5h3ya,9
8aMHw0YO5ILJ97eduP1C,9
40Mg1k2UlPuQcsEotIej,9
bnTwRQSvo3CLKsgGaI45,9
7UAM4qtfCHSauXLeV1dy,9
0yn4gphuOYlPsCz5JGFM,9
cuVSJA3GBfz5Z0LEFsp9,9
cVFaWK1b2dBXCho37sjE,9
2KukNP13McOI6AH0b8op,9
Iy6lQgsbZ9q0tfrT1hMe,9
1wzULSbfxGolZhD4XIAs,9
0qV43bnIcBDPF1WlG6tJ,9
gGrBPR4c8KkNWHuA61UY,9
bIta6uiP0gS4lNLhKFGM,9
8J209kMCyFvWuInbYcio,9
8XarpMwmLAk1gTDfYZol,9
5birSkFE6dmgN71BPCJc,9
Bf9w2S0emPnto3MZx4JO,9
DnJFtCH7gTMIvWYlAxcN,9
EatXZFY1SyHpxTDVg5nv,9
C3gK1ERFx4WDm7IskLtb,9
fE8nLpWCmaTtuvchbR1I,9
8bIuJwoxYKjFVWSdnHi6,9
IR9X4vYJ6OkpueVC5gN7,9
IopqlNQASCdjT8eOWRHw,9
BC9hzqbTa0OIsePYiND6,9
ijsudn60LwGlgaIJYV5S,9
8QzroqkiRDNMZIF69E7v,9
jlSnNDwm6Arby4cQv0ox,9
1hcfvnSGMXEHU94egR3F,9
EVb2miqJLBj4kTlfzwvS,9
GQh8kxUDtRVwzEP0Wvfs,9
iGC35Aeux0zc6s8QOKfP,9
2b8y9vDX0GjJnC5qtcom,9
BJnLTxsZSUg0GO7m1pQu,9
2ec5nrOmxDFqKTf3pYGA,9
9qTHxAn6ld5WKPJapRry,9
hFAlObnD1iHQTdgMGBY2,9
BM80h5gaYevIJFyk7uPO,9
CHsmEGN34c7aSWudtUxh,9
7n2kiMZ9awS0xbNG5XIz,9
ez58HQ2KwcTF7GL4EYPi,9
FpfoxH3CNAgl9iBY5naM,9
cZd0DaAvlpGMKFm17rYB,9
6m5RYe3dk1nZFzHOEq7v,9
bj1D4GtRqlJwX9ypBE2g,9
hb3oRrAFfdq5VnBDjsL0,9
IRvabWSMkDe8pxXVLOrh,9
Fe4yEv8HmfLTBQuigKC6,9
CJTezukAoORBNh0QxUMa,9
2tqQkycVPSxIRGuW3wnh,9
28ndZemTJQNPv5rWl9Mq,9
hJAuWl3aGKLbRz0gtiSe,9
91GncYPQHMUTaSuZBqxJ,9
D0FvmACsaLoJViOk3ybX,9
FZvUGP4zqElnDcbwA65N,9
ADHdmfR8J6Ebko2P4lqI,9
jmIbaRlXMCkYHt5p4wos,9
3FdNtro4QOTUVAYg2MaI,9
bcqIoNTEXGPDUwzCWRxO,9
bmcues3zpy2jZNF1XnTP,9
71BDWQcsLYedmu43nOSV,9
IJlXen24jGWi0wAdY9QS,9
FvEJe7LOjwDranG2tcf9,9
jQTW2ckwXNIaeAPMftm8,9
joRneCOYruqN4kVb8EKy,9
IFRGbmc7WwDiHNtvC1pU,9
DRw7V8B0HGF1mpjkeadN,9
AZQBLknROp0oM1ENXDl8,9
JNEaK80h4meUkGLnzsox,9
K4jGPJV6DUu7Xq1eFdrB,9
8jhdMbDAywv5LCH3qSG4,9
2rRK7lxiQhSD4B6a9uEI,9
Ce3k2BNVSYobKq5zGTtI,9
cFa4U6xqeVW7liJzMQk0,9
9CmVcAJFvbtn0aIZRdNf,9
b2taq4gHVORCYDoixMB3,9
H753kdOg6fvyzQLJlFbK,9
fOw4tmnSVPWr5BKGcQol,9
IsvGOaEpYKnrlqAbkRZz,9
7iBwyZQ5kxGEjPN9fThM,9
ctum3yBP7pIQ1W4U96Zk,9
IhRZjKUCrAsfvkJQcyuB,9
C6LTXpH5NeQd3yRBGz89,9
a26fPimxvt4dTLeAVGJH,9
69woQijq5CZfpunINT2K,9
DzbAP8aBvgfkwVn29yTX,9
kG29BLiFYPgWtpb350sO,9
aeTUd9EJmopQlDxbzuZO,9
KFrZ0Lop1WDGwUtkusCi,9
cYQ7s8Kei2VALkgHlJGb,9
1xquodIbFvtDVp6ASGin,9
3oA2emBxRQTkvDrVqPfL,9
eHjL4QC8MPTkhdqtZaDV,9
0sH5GdO3LpZwMbPaXjfN,9
2HqSerDI4yG1WRxTbl8w,9
1MjkqlJ7L6EoAPXb2fKV,9
CO3Nm5IQgVl02ATRZiWo,9
D4NQLor5zyHsjYCukl0O,9
hl5wNixcfnCgEjp324sT,9
8wSjurzyd3Z1UfgFJe6h,9
AUD1nOJfksdL5H7KjpFy,9
68QZolTBeOXR9jVxbsp7,9
7nvHG46BM95P3SEW1ezy,9
AeZvV9subzRmODWTjrh0,9
9Py0kQsvVcHmJe8fZEdT,9
eoZu6jSFvrDBVUIWdHiz,9
aoDeHLArcPENpQZqG5J9,9
DsSCh58cwF0k4KjH2gvz,9
anLyI5TAlkjH3OshJUF1,9
Jgs4hRrYEy71SbtAfWwN,9
9EnBSdaVmKxjteDRPJ2U,9
IOPgsKcr8nwu3kaW5HUM,9
8z6VcnraQIhU0Yk1tg4e,9
2617zwnbHU3jrseQZim5,9
E9AvZIuDkLT36dK8bPj4,9
hGD0efK53nrvzcdx42tY,9
dUg3juznXokGEycCO5Mx,9
fVWAtl7QsixdmThDBu4C,9
ga8SoXu32EKGZM7vNnAp,9
ds6UWrcNvZmn3lDajOx2,9
DSZMm8JIrBysVqoNCiRz,9
bNgISHR9Mt8ZzjyJXGUs,9
JwzA3tXdgc7eNYxjCy5L,9
JNGf3qzH2oLvBXDSM6Fp,9
857rChkgSJiFGI9Zu6Hb,9
7cUfx46SVDjs9X0qZlmi,9
Bu4azJQyljTOX3hCn2AN,9
gDmLXUe9RiC31cxBN7Vy,9
3G6jJKRVLzlpoimkvfhA,9
c54pwLBNXyf2GhSO9knA,9
CHbcUtiQ5F2WNsjGndlJ,9
E5UkBdwnH0T3yjeIfOPv,9
c9oKfzyRb23v8ZtJaAGE,9
JBGVawO7uqtxM103PbNy,9
d2NmrintQ1WvMlfRGZ4I,9
g9MVAiYzLpkEl81buc4W,9
G5s0wMUhuWJi1ckDSzn4,9
eCFQTgkih9lsKtoqIAj1,9
ArclRISTQmqu617NfztD,9
8pm2Rv3Feu4LEnKd7WMZ,9
g46jFCHzY1oqtws0yxO5,9
47QarcFI2Vwh8mKuS0Zk,9
AgfxJMKRqbt0SnsjN2yQ,9
GWQYvtI8a2rouyEOPcHb,9
bVcKdzrpsCQt6HTIhRSe,9
ghP9Fz6SMXUvwxLjQrIq,9
DUVqFkRTd3MnipSGWgbX,9
gq1T5uf3MyIdtU0HsN9a,9
6Jiw0HZgfQ8PvGCtsxDS,9
